{"train": {"('top_comment_1', 'top_comment_2')": 0.7185868678260477, "('top_comment_1', 'top_comment_3')": 0.67378869067955, "('top_comment_1', 'top_comment_4')": 0.6365247198138099, "('top_comment_1', 'top_comment_5')": 0.6045837943288642, "('top_comment_1', 'top_comment_6')": 0.5871095910306243, "('top_comment_1', 'top_comment_7')": 0.5829492485761285, "('top_comment_1', 'top_comment_8')": 0.5758119080303585, "('top_comment_1', 'top_comment_9')": 0.5737663906433741, "('top_comment_1', 'top_comment_10')": 0.5678035424638741, "('top_comment_2', 'top_comment_3')": 0.6344632330601202, "('top_comment_2', 'top_comment_4')": 0.6176034944547775, "('top_comment_2', 'top_comment_5')": 0.5940379145971193, "('top_comment_2', 'top_comment_6')": 0.5780158251914634, "('top_comment_2', 'top_comment_7')": 0.5719610590232171, "('top_comment_2', 'top_comment_8')": 0.5706230541799241, "('top_comment_2', 'top_comment_9')": 0.5723826639151786, "('top_comment_2', 'top_comment_10')": 0.5668104003781436, "('top_comment_3', 'top_comment_4')": 0.5953710174701289, "('top_comment_3', 'top_comment_5')": 0.5868392030810642, "('top_comment_3', 'top_comment_6')": 0.5683673844203664, "('top_comment_3', 'top_comment_7')": 0.5670721419541375, "('top_comment_3', 'top_comment_8')": 0.5628098119283926, "('top_comment_3', 'top_comment_9')": 0.5744926327465806, "('top_comment_3', 'top_comment_10')": 0.5645377379288625, "('top_comment_4', 'top_comment_5')": 0.5647837658672431, "('top_comment_4', 'top_comment_6')": 0.565611731777144, "('top_comment_4', 'top_comment_7')": 0.5647296378921737, "('top_comment_4', 'top_comment_8')": 0.5620842455245004, "('top_comment_4', 'top_comment_9')": 0.5721774652700254, "('top_comment_4', 'top_comment_10')": 0.5641120273460265, "('top_comment_5', 'top_comment_6')": 0.552026515990197, "('top_comment_5', 'top_comment_7')": 0.5591248273352051, "('top_comment_5', 'top_comment_8')": 0.5578036445571224, "('top_comment_5', 'top_comment_9')": 0.5673600939600075, "('top_comment_5', 'top_comment_10')": 0.5642458031444484, "('top_comment_6', 'top_comment_7')": 0.5367287637894673, "('top_comment_6', 'top_comment_8')": 0.5420888966347228, "('top_comment_6', 'top_comment_9')": 0.5577761813822728, "('top_comment_6', 'top_comment_10')": 0.5567612209664934, "('top_comment_7', 'top_comment_8')": 0.5302897091809424, "('top_comment_7', 'top_comment_9')": 0.5500859897065193, "('top_comment_7', 'top_comment_10')": 0.5524591233492777, "('top_comment_8', 'top_comment_9')": 0.5302229703024273, "('top_comment_8', 'top_comment_10')": 0.5448794506597117, "('top_comment_9', 'top_comment_10')": 0.533466732547193}, "test": {"('top_comment_1', 'top_comment_2')": 0.7226423569209184, "('top_comment_1', 'top_comment_3')": 0.678894955359036, "('top_comment_1', 'top_comment_4')": 0.6366790569481173, "('top_comment_1', 'top_comment_5')": 0.610692397124676, "('top_comment_1', 'top_comment_6')": 0.5920306317572652, "('top_comment_1', 'top_comment_7')": 0.5934463601867754, "('top_comment_1', 'top_comment_8')": 0.5817981467498738, "('top_comment_1', 'top_comment_9')": 0.5816172943517589, "('top_comment_1', 'top_comment_10')": 0.5771472603852528, "('top_comment_2', 'top_comment_3')": 0.6398105275191344, "('top_comment_2', 'top_comment_4')": 0.6071838557882543, "('top_comment_2', 'top_comment_5')": 0.6015279155771582, "('top_comment_2', 'top_comment_6')": 0.5733569431417753, "('top_comment_2', 'top_comment_7')": 0.5749458944758765, "('top_comment_2', 'top_comment_8')": 0.5693259158025086, "('top_comment_2', 'top_comment_9')": 0.5680429013324142, "('top_comment_2', 'top_comment_10')": 0.5593580120283521, "('top_comment_3', 'top_comment_4')": 0.5927725975372002, "('top_comment_3', 'top_comment_5')": 0.590727635804265, "('top_comment_3', 'top_comment_6')": 0.5843243240493088, "('top_comment_3', 'top_comment_7')": 0.5728531786878649, "('top_comment_3', 'top_comment_8')": 0.5773198812147616, "('top_comment_3', 'top_comment_9')": 0.5753085820322893, "('top_comment_3', 'top_comment_10')": 0.5783502512074863, "('top_comment_4', 'top_comment_5')": 0.5682712678930305, "('top_comment_4', 'top_comment_6')": 0.5663953884421282, "('top_comment_4', 'top_comment_7')": 0.571926988724165, "('top_comment_4', 'top_comment_8')": 0.5637900465969765, "('top_comment_4', 'top_comment_9')": 0.5648735282320692, "('top_comment_4', 'top_comment_10')": 0.5697390493013443, "('top_comment_5', 'top_comment_6')": 0.5533212573940298, "('top_comment_5', 'top_comment_7')": 0.564013495928751, "('top_comment_5', 'top_comment_8')": 0.5795346136510658, "('top_comment_5', 'top_comment_9')": 0.5551411636556971, "('top_comment_5', 'top_comment_10')": 0.5738467929745359, "('top_comment_6', 'top_comment_7')": 0.5472331589018966, "('top_comment_6', 'top_comment_8')": 0.5430772865505635, "('top_comment_6', 'top_comment_9')": 0.5643741433272984, "('top_comment_6', 'top_comment_10')": 0.5647595541012349, "('top_comment_7', 'top_comment_8')": 0.5428607569673196, "('top_comment_7', 'top_comment_9')": 0.540556289281911, "('top_comment_7', 'top_comment_10')": 0.5524905160117648, "('top_comment_8', 'top_comment_9')": 0.5307066415142312, "('top_comment_8', 'top_comment_10')": 0.5555556289590641, "('top_comment_9', 'top_comment_10')": 0.5295653933383268}}