{"train": 0.7521156607276003, "test": 0.7589721544569774}