{"bleu": 0.005661739029317181, "precisions": [0.21446739947076376, 0.018942121467944578, 0.0021855618715311393, 0.0004148366662935332], "brevity_penalty": 0.7267621670471863, "length_ratio": 0.7580604580096799, "translation_length": 331421, "reference_length": 437196}