{"rouge1": 0.16608634937569078, "rouge2": 0.01554592518483148, "rougeL": 0.12471762627109463, "rougeLsum": 0.12909463951116668}