Percentile,Train Ambiguity Score,Test Ambiguity Score
0,0.0,0.0
1,0.0,0.0
2,0.0,0.0
3,0.0,0.0
4,0.0,0.0
5,0.0,0.0
6,0.0,0.0
7,0.0,0.0
8,0.0,0.0
9,0.0,0.0
10,0.0,0.0
11,0.0,0.0
12,0.0,0.0
13,0.0,0.0
14,0.0,0.0
15,0.0,0.0
16,0.0,0.0
17,0.0,0.0
18,0.0,0.0
19,0.0,0.0
20,0.0,0.0
21,0.0,0.0
22,0.0,0.0
23,0.0,0.0
24,0.0,0.0
25,0.0,0.0
26,0.0,0.0
27,0.0,0.0
28,0.0,0.0
29,0.0,0.0
30,0.0,0.0
31,0.0,0.0
32,0.0,0.0
33,0.0,0.0
34,0.0,0.0
35,0.0,0.0
36,0.0,0.0
37,0.0,0.0
38,0.0,0.0
39,0.0,0.0
40,0.0,0.0
41,0.0,0.0
42,0.0,0.0
43,0.0,0.0
44,0.0,0.0
45,0.0,0.0
46,0.0,0.0
47,0.0,0.0
48,0.0,0.0
49,0.0,0.0
50,0.0,0.0
51,0.0,0.0
52,0.0,0.0
53,0.0,0.0
54,0.0,0.0
55,0.0,0.0
56,0.0,0.0
57,0.0,0.0
58,0.0,0.0
59,0.0,0.0
60,0.0,0.0
61,0.0,0.0
62,0.0,0.0
63,0.00037499999999999735,0.00037499999999999735
64,0.0004849840748878893,0.00037500000000000066
65,0.0006459353786778786,0.0004849840748878932
66,0.0020000000000000035,0.0008926711890609298
67,0.0029999999999999983,0.0020000000000000035
68,0.0030000000000000053,0.0029999999999999988
69,0.0030000000000000053,0.0030000000000000053
70,0.0030000000000000053,0.0030000000000000053
71,0.0038798725991031455,0.0030000000000000053
72,0.0038798725991031455,0.0038798725991031455
73,0.0038798725991031455,0.0038798725991031455
74,0.0051553976568253146,0.0038798725991031455
75,0.005167483029423029,0.005167483029423029
76,0.0071413695124873935,0.005167483029423029
77,0.008509973172819032,0.007203514767111947
78,0.010124999999999988,0.010124999999999988
79,0.012233857242546433,0.010352166562499007
80,0.013266499161421624,0.013094570021973078
81,0.016000000000000028,0.016000000000000028
82,0.020530356031681452,0.01744025522430272
83,0.024000000000000042,0.022045407685048576
84,0.02973189220753808,0.024670187451214225
85,0.0339829367848512,0.031038980792825164
86,0.04133986423538423,0.037629983058725926
87,0.05399999999999994,0.044895409668503895
88,0.06737500000000005,0.054249233504123466
89,0.08410456661204557,0.0692899516069249
90,0.09991996797437433,0.08683686213239174
91,0.12799999999999995,0.0999199679743744
92,0.16424284825345162,0.13172879257199874
93,0.2041241452319315,0.16670820393250027
94,0.26454489222058325,0.21949403744092846
95,0.3312693299999689,0.27215541677864646
96,0.4190262407031394,0.35511150941118647
97,0.49985597925802605,0.4571778850009122
98,0.6124424331168034,0.5783577229214776
99,0.7401050284419096,0.7159179777360808
100,1.0,1.0
