{"bleu": 0.013180901859415457, "precisions": [0.24786613663485263, 0.03710584548529086, 0.005890886951466003, 0.0015001508610358373], "brevity_penalty": 0.7806409657275389, "length_ratio": 0.8015132918369345, "translation_length": 384631, "reference_length": 479881}