{"rouge1": 0.20874051496640533, "rouge2": 0.029113079202748464, "rougeL": 0.1533461245355362, "rougeLsum": 0.15970750317362167}