{"bleu": 0.0064522584042177355, "precisions": [0.1543259264831915, 0.012624049424780123, 0.0018815123795433188, 0.0004728270875525131], "brevity_penalty": 1.0, "length_ratio": 2.249881060210981, "translation_length": 983639, "reference_length": 437196}