{"rouge1": 0.18722453401540268, "rouge2": 0.01897613243141623, "rougeL": 0.11312307756613886, "rougeLsum": 0.13548943961024457}