{"train": {"('top_comment_1', 'top_comment_2')": 0.4857119775563111, "('top_comment_1', 'top_comment_3')": 0.4648931807166027, "('top_comment_1', 'top_comment_4')": 0.42099921757900816, "('top_comment_1', 'top_comment_5')": 0.42298828001623623, "('top_comment_1', 'top_comment_6')": 0.41023919424019406, "('top_comment_1', 'top_comment_7')": 0.4226969202479465, "('top_comment_1', 'top_comment_8')": 0.372995500913637, "('top_comment_1', 'top_comment_9')": 0.3696071927201434, "('top_comment_1', 'top_comment_10')": 0.3517027851290391, "('top_comment_2', 'top_comment_3')": 0.5661022361708421, "('top_comment_2', 'top_comment_4')": 0.5439901781298535, "('top_comment_2', 'top_comment_5')": 0.5507215038545489, "('top_comment_2', 'top_comment_6')": 0.5466462333679487, "('top_comment_2', 'top_comment_7')": 0.5198645059660176, "('top_comment_2', 'top_comment_8')": 0.49954912446261934, "('top_comment_2', 'top_comment_9')": 0.46996035090712884, "('top_comment_2', 'top_comment_10')": 0.4366977309218183, "('top_comment_3', 'top_comment_4')": 0.5037475829636251, "('top_comment_3', 'top_comment_5')": 0.5422176018551996, "('top_comment_3', 'top_comment_6')": 0.5223906959297424, "('top_comment_3', 'top_comment_7')": 0.5134366885774059, "('top_comment_3', 'top_comment_8')": 0.49722553331415176, "('top_comment_3', 'top_comment_9')": 0.4688840513838719, "('top_comment_3', 'top_comment_10')": 0.46123088654255495, "('top_comment_4', 'top_comment_5')": 0.5091248360868352, "('top_comment_4', 'top_comment_6')": 0.4947207893099911, "('top_comment_4', 'top_comment_7')": 0.4927879042928419, "('top_comment_4', 'top_comment_8')": 0.47204168130409196, "('top_comment_4', 'top_comment_9')": 0.4942746510279, "('top_comment_4', 'top_comment_10')": 0.4715976835699913, "('top_comment_5', 'top_comment_6')": 0.4922250360938203, "('top_comment_5', 'top_comment_7')": 0.5327585910334045, "('top_comment_5', 'top_comment_8')": 0.47897922159954753, "('top_comment_5', 'top_comment_9')": 0.4813230221642071, "('top_comment_5', 'top_comment_10')": 0.48851088769840434, "('top_comment_6', 'top_comment_7')": 0.5021315808219828, "('top_comment_6', 'top_comment_8')": 0.4824406005896421, "('top_comment_6', 'top_comment_9')": 0.4908018243740546, "('top_comment_6', 'top_comment_10')": 0.4546414482216622, "('top_comment_7', 'top_comment_8')": 0.4678872230018245, "('top_comment_7', 'top_comment_9')": 0.48950709431262673, "('top_comment_7', 'top_comment_10')": 0.45206907664019114, "('top_comment_8', 'top_comment_9')": 0.43926919110063367, "('top_comment_8', 'top_comment_10')": 0.40242013770863727, "('top_comment_9', 'top_comment_10')": 0.4204181832726691}, "test": {"('top_comment_1', 'top_comment_2')": 0.4410983429499966, "('top_comment_1', 'top_comment_3')": 0.5157693682843756, "('top_comment_1', 'top_comment_4')": 0.44993924431500376, "('top_comment_1', 'top_comment_5')": 0.4214077315827863, "('top_comment_1', 'top_comment_6')": 0.4116178761132633, "('top_comment_1', 'top_comment_7')": 0.4131807586353041, "('top_comment_1', 'top_comment_8')": 0.39373399924455454, "('top_comment_1', 'top_comment_9')": 0.35238718242248757, "('top_comment_1', 'top_comment_10')": 0.37459423480620546, "('top_comment_2', 'top_comment_3')": 0.5075396984120635, "('top_comment_2', 'top_comment_4')": 0.5362473487992201, "('top_comment_2', 'top_comment_5')": 0.5157263098546172, "('top_comment_2', 'top_comment_6')": 0.446593138913323, "('top_comment_2', 'top_comment_7')": 0.4686882003955175, "('top_comment_2', 'top_comment_8')": 0.485584022710003, "('top_comment_2', 'top_comment_9')": 0.4280667398811808, "('top_comment_2', 'top_comment_10')": 0.5152506201410734, "('top_comment_3', 'top_comment_4')": 0.5863197863976064, "('top_comment_3', 'top_comment_5')": 0.522483537158984, "('top_comment_3', 'top_comment_6')": 0.5634640722946085, "('top_comment_3', 'top_comment_7')": 0.5421071819176084, "('top_comment_3', 'top_comment_8')": 0.5461735814823739, "('top_comment_3', 'top_comment_9')": 0.4797277767559187, "('top_comment_3', 'top_comment_10')": 0.49101964979449353, "('top_comment_4', 'top_comment_5')": 0.556364868298467, "('top_comment_4', 'top_comment_6')": 0.5809934592301471, "('top_comment_4', 'top_comment_7')": 0.556029557400777, "('top_comment_4', 'top_comment_8')": 0.567078412741505, "('top_comment_4', 'top_comment_9')": 0.48987355629755314, "('top_comment_4', 'top_comment_10')": 0.5268652499144892, "('top_comment_5', 'top_comment_6')": 0.5221280602636533, "('top_comment_5', 'top_comment_7')": 0.5294620896160839, "('top_comment_5', 'top_comment_8')": 0.5308297423142552, "('top_comment_5', 'top_comment_9')": 0.5226610307626428, "('top_comment_5', 'top_comment_10')": 0.5445683053804997, "('top_comment_6', 'top_comment_7')": 0.5439944762991205, "('top_comment_6', 'top_comment_8')": 0.4996026450345624, "('top_comment_6', 'top_comment_9')": 0.4459615927704038, "('top_comment_6', 'top_comment_10')": 0.4834193510114493, "('top_comment_7', 'top_comment_8')": 0.43848413348100357, "('top_comment_7', 'top_comment_9')": 0.5263393657050708, "('top_comment_7', 'top_comment_10')": 0.517300232738557, "('top_comment_8', 'top_comment_9')": 0.46179930999911545, "('top_comment_8', 'top_comment_10')": 0.4513489124684942, "('top_comment_9', 'top_comment_10')": 0.47559451089581506}}