{"train": 0.6462780693613117, "test": 0.6508375024268329}