{"bleu": 0.007688578780228833, "precisions": [0.3629770375557656, 0.05618184988767733, 0.008107889848986513, 0.0020281447574157585], "brevity_penalty": 0.31950346666588286, "length_ratio": 0.4670742641744206, "translation_length": 204203, "reference_length": 437196}