{"rouge1": 0.20184512402041016, "rouge2": 0.026244400802356738, "rougeL": 0.1533516442668849, "rougeLsum": 0.15815403041247827}