{
    "percent_toxic_predictions": 0.34348250081265574,
    "percent_toxic_references": 0.2310109437642215
}