Percentile,Train Ambiguity Score,Test Ambiguity Score
0,0.0,0.0
1,0.0,0.0
2,0.0,0.0
3,0.0,0.0
4,0.0,0.0
5,0.0,0.0
6,0.0,0.0
7,0.0,0.0
8,0.0,0.0
9,0.0,0.0
10,0.0,0.0
11,0.0,0.0
12,0.0,0.0
13,0.0,0.0
14,0.0,0.0
15,0.0,0.0
16,0.0,0.0
17,0.0,0.0
18,0.0,0.0
19,0.0,0.0
20,0.0,0.0
21,0.0,0.0
22,0.0,0.0
23,0.0,0.0
24,0.0,0.0
25,0.0,0.0
26,0.0,0.0
27,0.0,0.0
28,0.0,0.0
29,0.0,0.0
30,0.0,0.0
31,0.0,0.0
32,0.0,0.0
33,0.0,0.0
34,0.0,0.0
35,0.0,0.0
36,0.0,0.0
37,0.0,0.0
38,0.0,0.0
39,0.0,0.0
40,0.0,0.0
41,0.0,0.0
42,0.0,0.0
43,0.0,0.0
44,0.0,0.0
45,0.0,0.0
46,0.0,0.0
47,0.0,0.0
48,0.0,0.0
49,0.0,0.0
50,0.0,0.0
51,0.0,0.0
52,0.0,0.0
53,0.0,0.0
54,0.0,0.0
55,0.0,0.0
56,0.0,0.0
57,0.0,0.0
58,0.0,0.0
59,0.00037499999999999735,0.0
60,0.0004849840748878893,0.00037499999999999735
61,0.0006459353786778786,0.0004178937892062772
62,0.0029999999999999983,0.002000000000000001
63,0.0029999999999999983,0.0029999999999999983
64,0.0029999999999999988,0.0029999999999999988
65,0.0029999999999999988,0.0030000000000000053
66,0.0030000000000000053,0.003299156683695101
67,0.0030000000000000053,0.0038798725991031455
68,0.0038798725991031455,0.0038798725991031455
69,0.0038798725991031455,0.005167483029423029
70,0.0038798725991031455,0.006725510361436775
71,0.0038798725991031455,0.010124999999999988
72,0.005167483029423029,0.010956479606152389
73,0.005167483029423029,0.01572624999999999
74,0.007157527278689787,0.016000000000000004
75,0.010124999999999988,0.01744025522430272
76,0.013094570021973078,0.020906371442977013
77,0.015999999999999993,0.023999999999999987
78,0.01744025522430272,0.02426280220195532
79,0.023714663351463994,0.031038980792825164
80,0.024102122104644998,0.03202172114362375
81,0.031038980792825164,0.041243181254602565
82,0.04111652540563029,0.04143053576818224
83,0.04159628421810582,0.05237828008789243
84,0.054249233504123466,0.05762811813689559
85,0.06826041920352652,0.08751212533334138
86,0.07443068157257306,0.10153614232204822
87,0.09947878690441089,0.13374288512344293
88,0.12800000000000006,0.16819492381024115
89,0.15811388300841897,0.19210839082910022
90,0.1767766952966369,0.24720478540752072
91,0.2079343721586213,0.2611309261807368
92,0.2461025393416894,0.32096806971182495
93,0.2953362790664565,0.3334825927510557
94,0.34758771174539915,0.4190262407031394
95,0.3923398435469706,0.5077990501735573
96,0.49223906143246754,0.5551412033718914
97,0.5709714468192992,0.6218260071410517
98,0.6835153772238821,0.7077667461316542
99,0.793641747325136,0.7909552828675621
100,1.0,1.0
