{"bleu": 0.0, "precisions": [0.36115795390668914, 0.00496219281663516, 0.0, 0.0], "brevity_penalty": 6.173864739344375e-15, "length_ratio": 0.029657352551986847, "translation_length": 14232, "reference_length": 479881}