{"rouge1": 0.03218138879094529, "rouge2": 6.185194597653623e-05, "rougeL": 0.03149587945910493, "rougeLsum": 0.03159535170008671}