{
    "train": {
        "toxic": 0.22455008673026886,
        "non_toxic": 0.7754499132697311
    },
    "test": {
        "toxic": 0.2310109437642215,
        "non_toxic": 0.7689890562357785
    }
}