{
    "percent_toxic_predictions": 0.2606999674937696,
    "percent_toxic_references": 0.2310109437642215
}