{"bleu": 0.005304333608703256, "precisions": [0.2016202550935715, 0.017092199970347412, 0.0020116670935583485, 0.000388175751757162], "brevity_penalty": 0.7364642514140711, "length_ratio": 0.7657585943181747, "translation_length": 367473, "reference_length": 479881}