{"rouge1": 0.1587030379758059, "rouge2": 0.013551312979552962, "rougeL": 0.11873555244913868, "rougeLsum": 0.12287760973831166}