{"bleu": 0.004268645255310397, "precisions": [0.1324837915461343, 0.008449496929308768, 0.001135744714987186, 0.00026114753556669547], "brevity_penalty": 1.0, "length_ratio": 2.2092013650628095, "translation_length": 965854, "reference_length": 437196}