{"rouge1": 0.162455326183214, "rouge2": 0.013720922253720277, "rougeL": 0.09831893416592818, "rougeLsum": 0.11976361686112831}