{"bleu": 0.006521449822718376, "precisions": [0.3295934023782125, 0.048663741523733546, 0.006332399044949652, 0.0006492101276779918], "brevity_penalty": 0.4069675346313258, "length_ratio": 0.5265868807756401, "translation_length": 10428, "reference_length": 19803}