{"mean_score": 0.5004620717465877, "scores": [0.5909867882728577, 0.28214648365974426, 0.618364155292511, 0.49005356431007385, 0.635471522808075, 0.45334339141845703, 0.638765811920166, 0.3790690004825592, 0.5349025130271912, 0.4901905655860901, 0.40276145935058594, 0.5211734771728516, 0.41161656379699707, 0.5319428443908691, 0.3312833607196808, 0.4701286852359772, 0.5885204672813416, 0.5863741040229797, 0.4684426784515381, 0.6043944358825684, 0.5187156200408936, 0.5176163911819458, 0.5057422518730164, 0.48071667551994324, 0.4283665716648102, 0.5718300342559814, 0.3912765085697174, 0.5337218046188354, 0.4301818311214447, 0.4934252202510834, 0.44469910860061646, 0.5034535527229309, 0.5762420296669006, 0.5203705430030823, 0.4218319356441498, 0.5319036841392517, 0.43787264823913574, 0.4376830756664276, 0.5410913825035095, 0.6484471559524536, 0.46445539593696594, 0.4797411859035492, 0.5380825996398926, 0.3404228985309601, 0.4273010790348053, 0.5127748250961304, 0.4331988990306854, 0.48766860365867615, 0.6636928915977478, 0.5387498736381531, 0.34345534443855286, 0.57686448097229, 0.5865272879600525, 0.5299792885780334, 0.6086479425430298, 0.5681759715080261, 0.5389629602432251, 0.49617698788642883, 0.4744528532028198, 0.5366418957710266, 0.5149404406547546, 0.4776085615158081, 0.48925670981407166, 0.45509132742881775, 0.5197475552558899, 0.4311040937900543, 0.5064905285835266, 0.5772027969360352, 0.5109220147132874, 0.5964274406433105, 0.45703455805778503, 0.5038906931877136, 0.48516708612442017, 0.48356708884239197, 0.4131172001361847, 0.5718470215797424, 0.5192651748657227, 0.6473332047462463, 0.4469164311885834, 0.4177514612674713, 0.42907384037971497, 0.5028496980667114, 0.5162480473518372, 0.6449539065361023, 0.6409035325050354, 0.6037200093269348, 0.47462883591651917, 0.6180470585823059, 0.5037906765937805, 0.3089246153831482, 0.5203917026519775, 0.4247100353240967, 0.5132150650024414, 0.4978223741054535, 0.37338224053382874, 0.5149294137954712, 0.5355901718139648, 0.48315778374671936, 0.4601471722126007, 0.5313025712966919, 0.532757580280304, 0.4168611764907837, 0.610995888710022, 0.5988973379135132, 0.507145345211029, 0.5484796166419983, 0.4088963270187378, 0.42330583930015564, 0.37015992403030396, 0.5236455202102661, 0.40482285618782043, 0.47037097811698914, 0.5503649115562439, 0.4993133842945099, 0.5273138880729675, 0.46402794122695923, 0.618496835231781, 0.6307891607284546, 0.5738498568534851, 0.41395291686058044, 0.39216113090515137, 0.5927179455757141, 0.5470474362373352, 0.6688373684883118, 0.4547865092754364, 0.5004671216011047, 0.5766404271125793, 0.5604252219200134, 0.5317543148994446, 0.45106372237205505, 0.5141749978065491, 0.5709947943687439, 0.5626595616340637, 0.4223135709762573, 0.39714714884757996, 0.5484287738800049, 0.37914344668388367, 0.40919992327690125, 0.37415629625320435, 0.46063509583473206, 0.4675138592720032, 0.6349408030509949, 0.46363160014152527, 0.44981810450553894, 0.5065692663192749, 0.6061603426933289, 0.47297170758247375, 0.40415969491004944, 0.5948503613471985, 0.49617865681648254, 0.5325563549995422, 0.4997205436229706, 0.4150446951389313, 0.5848379135131836, 0.43670853972435, 0.5701237320899963, 0.4573589861392975, 0.502717912197113, 0.48235824704170227, 0.6045975089073181, 0.5184157490730286, 0.4815337061882019, 0.5814316868782043, 0.3867955803871155, 0.4646197259426117, 0.576593816280365, 0.41024377942085266, 0.48967280983924866, 0.5449455976486206, 0.508421778678894, 0.5275647044181824, 0.4344029128551483, 0.5619602203369141, 0.6674018502235413, 0.5369943380355835, 0.6017250418663025, 0.5466117858886719, 0.2962031662464142, 0.43488189578056335, 0.5413491129875183, 0.3315773606300354, 0.4303327798843384, 0.4167693853378296, 0.30368247628211975, 0.424690306186676, 0.4589748680591583, 0.47137752175331116, 0.4527135193347931, 0.5124350786209106, 0.5093974471092224, 0.6163342595100403, 0.5454328656196594, 0.5888584852218628, 0.557123064994812, 0.426766037940979, 0.6056649088859558, 0.5001497864723206, 0.5533013343811035, 0.43626758456230164, 0.5603306889533997, 0.49924883246421814, 0.4257434010505676, 0.4755108058452606, 0.5172899961471558, 0.5300055742263794, 0.5548654198646545, 0.509887158870697, 0.5200589299201965, 0.5000028610229492, 0.5818869471549988, 0.5912827849388123, 0.6700395941734314, 0.43562111258506775, 0.34801551699638367, 0.5247178673744202, 0.6235899329185486, 0.3845793604850769, 0.5599756836891174, 0.5763999819755554, 0.41969993710517883, 0.6381668448448181, 0.4833570420742035, 0.5538889169692993, 0.44265884160995483, 0.505981981754303, 0.6595761179924011, 0.5604888796806335, 0.4202810823917389, 0.3463692367076874, 0.385327011346817, 0.507013738155365, 0.4134555160999298, 0.48689454793930054, 0.4845901429653168, 0.6425938010215759, 0.49717089533805847, 0.49828651547431946, 0.3722780644893646, 0.6265777349472046, 0.6138309240341187, 0.5516791939735413, 0.5294280052185059, 0.3704683482646942, 0.4653277099132538, 0.42986786365509033, 0.4333917498588562, 0.5767682194709778, 0.5003677010536194, 0.5195133090019226, 0.4320312440395355, 0.4844878017902374, 0.41711297631263733, 0.5290971398353577, 0.32433149218559265, 0.42138028144836426, 0.5117231607437134, 0.5284746289253235, 0.5272294282913208, 0.6129952669143677, 0.48032936453819275, 0.5136228203773499, 0.3801242709159851, 0.5566393136978149, 0.5909557938575745, 0.5533442497253418, 0.43093159794807434, 0.40100356936454773, 0.6101874709129333, 0.41312575340270996, 0.474490225315094, 0.46398258209228516, 0.4041104018688202, 0.5043049454689026, 0.47562095522880554, 0.5592804551124573, 0.4469583332538605, 0.49388203024864197, 0.3875179588794708, 0.483965665102005, 0.5299884676933289, 0.4223838150501251, 0.44718170166015625, 0.42796841263771057, 0.48980268836021423, 0.4422127306461334, 0.5778329372406006, 0.568486750125885, 0.645812451839447, 0.4845806360244751, 0.5079243779182434, 0.5004401803016663, 0.5294724106788635, 0.45513996481895447, 0.558713436126709, 0.4317344129085541, 0.35781511664390564, 0.4626891314983368, 0.6485815644264221, 0.550214409828186, 0.6122276186943054, 0.5517768859863281, 0.49646154046058655, 0.5273284316062927, 0.47281715273857117, 0.4803239107131958, 0.4849785566329956, 0.556773841381073, 0.5465839505195618, 0.5407403111457825, 0.46932902932167053, 0.4760468900203705, 0.4639289677143097, 0.5108572840690613, 0.48010846972465515, 0.4816240072250366, 0.4916067123413086, 0.5018271207809448, 0.46050313115119934, 0.5235697031021118, 0.5119598507881165, 0.5310840010643005, 0.51994389295578, 0.5612724423408508, 0.3835732042789459, 0.3591369092464447, 0.5702815055847168, 0.447025865316391, 0.438010573387146, 0.4036787450313568, 0.4138185679912567, 0.6422190070152283, 0.5613245368003845, 0.5626078844070435, 0.48579731583595276, 0.5170145630836487, 0.5014342665672302, 0.38955652713775635, 0.5420063138008118, 0.42545846104621887, 0.33575794100761414, 0.5186306834220886, 0.5332264304161072, 0.419299453496933, 0.4909780025482178, 0.4640902876853943, 0.4887297451496124, 0.5568849444389343, 0.5160554647445679, 0.39160802960395813, 0.48641106486320496, 0.5951947569847107, 0.4433625340461731, 0.46561598777770996, 0.4798688292503357, 0.4749223589897156, 0.6326939463615417, 0.3871454894542694, 0.3452031910419464, 0.4378671944141388, 0.5072546601295471, 0.4754354655742645, 0.5578599572181702, 0.5670462250709534, 0.5510808825492859, 0.5836803317070007, 0.4198642671108246, 0.5889559388160706, 0.4501361846923828, 0.48580503463745117, 0.5900012850761414, 0.4009605348110199, 0.4678657352924347, 0.4872293472290039, 0.3765852749347687, 0.5540972352027893, 0.6394482851028442, 0.5797990560531616, 0.4941597282886505, 0.5573263764381409, 0.5785930752754211, 0.43946877121925354, 0.5554804801940918, 0.6135541200637817, 0.5958986282348633, 0.3844721019268036, 0.40895190834999084, 0.6648239493370056, 0.5123504996299744, 0.4617955982685089, 0.4761679768562317, 0.6732880473136902, 0.41923823952674866, 0.578525185585022, 0.4397859275341034, 0.5495073199272156, 