{"rouge1": 0.19307623516927663, "rouge2": 0.024928463597219133, "rougeL": 0.134412756635573, "rougeLsum": 0.1405997301519518}