Percentile,Train Ambiguity Score,Test Ambiguity Score
0,0.0,0.0
1,0.0,0.0
2,0.0,0.0
3,0.0,0.0
4,0.0,0.0
5,0.0,0.0
6,0.0,0.0
7,0.0,0.0
8,0.0,0.0
9,0.0,0.0
10,0.0,0.0
11,0.0,0.0
12,0.0,0.0
13,0.0,0.0
14,0.0,0.0
15,0.0,0.0
16,0.0,0.0
17,0.0,0.0
18,0.0,0.0
19,0.0,0.0
20,0.0,0.0
21,0.0,0.0
22,0.0,0.0
23,0.0,0.0
24,0.0,0.0
25,0.0,0.0
26,0.0,0.0
27,0.0,0.0
28,0.0,0.0
29,0.0,0.0
30,0.0,0.0
31,0.0,0.0
32,0.0,0.0
33,0.0,0.0
34,0.0,0.0
35,0.0,0.0
36,0.0,0.0
37,0.0,0.0
38,0.0,0.0
39,0.0,0.0
40,0.0,0.0
41,0.0,0.0
42,0.0,0.0
43,0.0,0.0
44,0.0,0.0
45,0.0,0.0
46,0.0,0.0
47,0.0,0.0
48,0.0,0.0
49,0.0,0.0
50,0.0,0.0
51,0.0,0.0
52,0.0,0.0
53,0.0,0.0
54,0.0,0.0
55,0.0,0.0
56,0.0,0.0
57,0.0,0.0
58,0.0,0.0
59,0.0,0.0
60,0.00037499999999999735,0.00037499999999999735
61,0.0004849840748878893,0.0004849840748878893
62,0.0008926711890609298,0.0006459353786778786
63,0.0020000000000000035,0.001294020820312383
64,0.0029999999999999983,0.0020000000000000035
65,0.0030000000000000053,0.0030000000000000053
66,0.0030000000000000053,0.0030000000000000053
67,0.0033829117335329633,0.0033829117335329633
68,0.0038798725991031455,0.0038798725991031455
69,0.0038798725991031455,0.0038798725991031455
70,0.005167483029423029,0.0051553976568253146
71,0.006547285010986539,0.005167483029423029
72,0.0071413695124873935,0.0071413695124873935
73,0.009797958971132729,0.009259259259259241
74,0.010352166562499007,0.010124999999999988
75,0.013094570021973078,0.012233857242546433
76,0.015625,0.015625
77,0.016000000000000028,0.016000000000000028
78,0.020530356031681452,0.018330302779823393
79,0.024000000000000042,0.023600343668155378
80,0.027063293868263706,0.026189140043946228
81,0.031038980792825164,0.03044620560179667
82,0.035999999999999956,0.03202172114362375
83,0.041843594973150905,0.041243181254602516
84,0.05399999999999994,0.052378280087892456
85,0.05986651818838308,0.05713095609989915
86,0.07771753743525336,0.07273034528310723
87,0.09133861680539002,0.08683686213239174
88,0.11572751247156893,0.10330331030044641
89,0.13693063937629152,0.1270325037343236
90,0.16770509831248423,0.15811388300841897
91,0.20069829511046625,0.19094065395649334
92,0.2461025393416894,0.2288827825001261
93,0.2950229887037555,0.2675165258632723
94,0.3499299929985996,0.3312693299999689
95,0.421875,0.4190262407031394
96,0.46640036114372807,0.464249991066635
97,0.5458153949828074,0.5458153949828074
98,0.639131732392254,0.6267453255709213
99,0.742377262582846,0.7389398279698696
100,1.0,1.0
