{"bleu": 0.0033907936803114847, "precisions": [0.08512624905395474, 0.007494297667277609, 0.0009575398421442988, 0.00021639846231979152], "brevity_penalty": 1.0, "length_ratio": 4.559580395973168, "translation_length": 2188056, "reference_length": 479881}