{"rouge1": 0.12512885615350106, "rouge2": 0.012719613852617894, "rougeL": 0.07849223748988585, "rougeLsum": 0.09642440627257845}