{"bleu": 0.013988043807094928, "precisions": [0.30465099028262, 0.04548581912697806, 0.008201245958520622, 0.0021985180359905547], "brevity_penalty": 0.6256549181237885, "length_ratio": 0.6807554410947836, "translation_length": 13481, "reference_length": 19803}