{"mean_score": 0.538665564134717, "scores": [0.6037517189979553, 0.5441907048225403, 0.49011725187301636, 0.49239590764045715, 0.6060842871665955, 0.598632276058197, 0.5532094836235046, 0.49128901958465576, 0.5023648738861084, 0.48541259765625, 0.5436591506004333, 0.5251083970069885, 0.5017372965812683, 0.4653714597225189, 0.6046556830406189, 0.49797114729881287, 0.6352930665016174, 0.6494760513305664, 0.4854426085948944, 0.6224684715270996, 0.6387472748756409, 0.4536171853542328, 0.6052603125572205, 0.601277768611908, 0.5181010365486145, 0.4907943904399872, 0.47544851899147034, 0.4895191788673401, 0.5518782734870911, 0.5093180537223816, 0.5310639142990112, 0.5528458952903748, 0.5284134745597839, 0.5995087623596191, 0.5207236409187317, 0.597331702709198, 0.5608169436454773, 0.5937710404396057, 0.5782639384269714, 0.699304461479187, 0.6428962349891663, 0.6034510135650635, 0.6097838282585144, 0.5128272771835327, 0.5379002690315247, 0.44872012734413147, 0.39320939779281616, 0.509071409702301, 0.577471911907196, 0.5739330053329468, 0.5590159893035889, 0.5588315725326538, 0.6094726920127869, 0.5454187989234924, 0.6282553672790527, 0.6406282782554626, 0.5662404894828796, 0.515905499458313, 0.4576154351234436, 0.543160080909729, 0.605124294757843, 0.4999062120914459, 0.47483962774276733, 0.420818954706192, 0.6004123091697693, 0.48591041564941406, 0.5717695355415344, 0.5698862671852112, 0.5184031128883362, 0.32505300641059875, 0.46189048886299133, 0.6025596261024475, 0.5692492127418518, 0.5139496326446533, 0.5391203761100769, 0.5461394190788269, 0.4859854578971863, 0.5433631539344788, 0.6028079390525818, 0.44911399483680725, 0.5358127355575562, 0.7350930571556091, 0.5337201952934265, 0.6770355105400085, 0.5906516909599304, 0.5792434811592102, 0.4319235682487488, 0.5921360850334167, 0.6091569066047668, 0.3887181282043457, 0.5267776250839233, 0.663611888885498, 0.6124775409698486, 0.5274731516838074, 0.6265165209770203, 0.5422103404998779, 0.5629457235336304, 0.6143060326576233, 0.583126425743103, 0.5188851356506348, 0.43651822209358215, 0.5029686093330383, 0.5725259184837341, 0.5138415098190308, 0.6215315461158752, 0.46985164284706116, 0.555451512336731, 0.5115174651145935, 0.5915367007255554, 0.6543981432914734, 0.4979197084903717, 0.5264196991920471, 0.5327829122543335, 0.596207857131958, 0.5921366810798645, 0.5896763205528259, 0.5858972072601318, 0.5725527405738831, 0.4804036319255829, 0.49657443165779114, 0.5937830805778503, 0.5948683023452759, 0.48881521821022034, 0.4874893128871918, 0.6206977963447571, 0.5296540260314941, 0.4988845884799957, 0.4934562146663666, 0.5143421292304993, 0.45180633664131165, 0.5263623595237732, 0.5064858794212341, 0.5151121020317078, 0.5800766348838806, 0.5465219616889954, 0.5415998101234436, 0.5400875210762024, 0.46431073546409607, 0.35346993803977966, 0.540849506855011, 0.4869525134563446, 0.6545947194099426, 0.584265410900116, 0.5060868263244629, 0.5039699673652649, 0.5074099898338318, 0.5513155460357666, 0.41858983039855957, 0.42576202750205994, 0.4788731038570404, 0.5694301128387451, 0.5987738370895386, 0.424871027469635, 0.5577659010887146, 0.4362955391407013, 0.596391499042511, 0.4491123855113983, 0.6012428402900696, 0.6535522937774658, 0.675352156162262, 0.5987741351127625, 0.46871528029441833, 0.636936366558075, 0.5274190306663513, 0.5417612195014954, 0.45904678106307983, 0.4546661674976349, 0.6905239224433899, 0.5255687832832336, 0.48016348481178284, 0.593315839767456, 0.5319321751594543, 0.5109267830848694, 0.6469699740409851, 0.6295972466468811, 0.5600129961967468, 0.4448668658733368, 0.4549914598464966, 0.48666438460350037, 0.49337247014045715, 0.4546401798725128, 0.522506058216095, 0.5190412402153015, 0.4182790219783783, 0.4825194478034973, 0.5101560354232788, 0.4771150052547455, 0.43864020705223083, 0.4716775119304657, 0.5328807234764099, 0.6060853600502014, 0.5971938967704773, 0.47440993785858154, 0.5109785199165344, 0.5136514902114868, 0.580356240272522, 0.4397279918193817, 0.6444836258888245, 0.6122074723243713, 0.42499059438705444, 0.4708491563796997, 0.3666592538356781, 0.5706380009651184, 0.49611952900886536, 0.6522361040115356, 0.5271562933921814, 0.632539689540863, 0.5187854170799255, 0.46433553099632263, 0.6017663478851318, 0.6119655966758728, 0.6528167128562927, 0.4331001043319702, 0.528586745262146, 0.4453551471233368, 0.5415431261062622, 0.5304222106933594, 0.5531817078590393, 0.44181039929389954, 0.5350866317749023, 0.5854703783988953, 0.5596314668655396, 0.5096921324729919, 0.4278479218482971, 0.567611038684845, 0.6580089926719666, 0.6367894411087036, 0.5377917885780334, 0.4883502423763275, 0.37757718563079834, 0.4626222848892212, 0.5517374873161316, 0.49671509861946106, 0.46365633606910706, 0.6382665634155273, 0.589630663394928, 0.6545531749725342, 0.3916940987110138, 0.7253665328025818, 0.6727226376533508, 0.6610193848609924, 0.5161845088005066, 0.5374134182929993, 0.47691407799720764, 0.4162311851978302, 0.5994672179222107, 0.6430955529212952, 0.5606618523597717, 0.6358408331871033, 0.5569009184837341, 0.4010193645954132, 0.42453518509864807, 0.6117151975631714, 0.6438706517219543, 0.6045509576797485, 0.51662278175354, 0.5306514501571655, 0.5094176530838013, 0.5733903646469116, 0.5280982851982117, 0.4061615765094757, 0.5116521716117859, 0.5441662073135376, 0.5795277953147888, 0.4031681716442108, 0.584840714931488, 0.43401557207107544, 0.4875430166721344, 0.5346443057060242, 0.49384504556655884, 0.5416445732116699, 0.4026249945163727, 0.5057662129402161, 0.4666804075241089, 0.491956889629364, 0.7188658118247986, 0.5740565061569214, 0.3772675693035126, 0.43688535690307617, 0.3945806324481964, 0.4667627513408661, 0.5820761322975159, 0.5831400752067566, 0.5469019412994385, 0.5911210179328918, 0.49687036871910095, 0.5474856495857239, 0.6022183299064636, 0.5448496341705322, 0.48943182826042175, 0.5401508212089539, 0.4823496639728546, 0.5788401961326599, 0.5598562359809875, 0.55233234167099, 0.5845298171043396, 0.499035507440567, 0.596258819103241, 0.6554006338119507, 0.6334609985351562, 0.5502558350563049, 0.5372862219810486, 0.5454908609390259, 0.5989403128623962, 0.6476120352745056, 0.4482678771018982, 0.3863350450992584, 0.5450066328048706, 0.48993226885795593, 0.5026700496673584, 0.51264888048172, 0.5909010767936707, 0.54926997423172, 0.45382484793663025, 0.5833650827407837, 0.5097584128379822, 0.5654193758964539, 0.5733296275138855, 0.5058016180992126, 0.56721031665802, 0.35058698058128357, 0.4632616937160492, 0.6169440746307373, 0.4644257128238678, 0.5853008031845093, 0.6437439322471619, 0.5428339838981628, 0.5439692139625549, 0.48413991928100586, 0.47035253047943115, 0.6433958411216736, 0.46860459446907043, 0.47172579169273376, 0.5913137793540955, 0.5773230195045471, 0.5282825231552124, 0.6186884045600891, 0.6572113633155823, 0.5985716581344604, 0.5548098683357239, 0.4936976134777069, 0.5832780003547668, 0.3671347200870514, 0.5454369783401489, 0.5580474734306335, 0.5279781222343445, 0.4834239184856415, 0.5784381031990051, 0.49273329973220825, 0.4997871220111847, 0.604733407497406, 0.5542992949485779, 0.5446513295173645, 0.577066957950592, 0.49085360765457153, 0.6238744258880615, 0.5320939421653748, 0.4383041262626648, 0.5453161597251892, 0.5764315724372864, 0.47089704871177673, 0.5641507506370544, 0.4544472098350525, 0.6208747625350952, 0.6365342140197754, 0.6051216125488281, 0.594835102558136, 0.45278218388557434, 0.4985535442829132, 0.551675021648407, 0.41387900710105896, 0.4633910357952118, 0.5488533973693848, 0.5952007174491882, 0.5559196472167969, 0.7011070847511292, 0.595520555973053, 0.37310791015625, 0.6209670901298523, 0.5529617071151733, 0.4915541112422943, 0.5421409010887146, 0.6444202661514282, 0.5698127746582031, 0.5025134682655334, 0.45704665780067444, 0.6238558292388916, 0.5110653042793274, 0.5775700211524963, 0.5388954877853394, 0.5607953071594238, 0.4528649151325226, 0.6478901505470276, 0.5264965891838074, 0.5894395709037781, 0.669049084186554, 0.5400372743606567, 