{"rouge1": 0.21009042043730855, "rouge2": 0.027711437452650478, "rougeL": 0.1422524871277951, "rougeLsum": 0.14992851565591453}