{"train": {"('top_comment_1', 'top_comment_2')": 0.4806651738990969, "('top_comment_1', 'top_comment_3')": 0.45911522824618733, "('top_comment_1', 'top_comment_4')": 0.4170980986532389, "('top_comment_1', 'top_comment_5')": 0.42061495237841084, "('top_comment_1', 'top_comment_6')": 0.41319346339492213, "('top_comment_1', 'top_comment_7')": 0.41760303755858186, "('top_comment_1', 'top_comment_8')": 0.38607377498557216, "('top_comment_1', 'top_comment_9')": 0.3807098359314357, "('top_comment_1', 'top_comment_10')": 0.3768397848842461, "('top_comment_2', 'top_comment_3')": 0.5651837201544108, "('top_comment_2', 'top_comment_4')": 0.5514554874657944, "('top_comment_2', 'top_comment_5')": 0.5412073326179633, "('top_comment_2', 'top_comment_6')": 0.5356926543477738, "('top_comment_2', 'top_comment_7')": 0.5029482582793031, "('top_comment_2', 'top_comment_8')": 0.5014855898376906, "('top_comment_2', 'top_comment_9')": 0.47458746528909346, "('top_comment_2', 'top_comment_10')": 0.45606823547178665, "('top_comment_3', 'top_comment_4')": 0.5079987061907426, "('top_comment_3', 'top_comment_5')": 0.5374167216549336, "('top_comment_3', 'top_comment_6')": 0.505392263058525, "('top_comment_3', 'top_comment_7')": 0.4975893520040271, "('top_comment_3', 'top_comment_8')": 0.5107198283975126, "('top_comment_3', 'top_comment_9')": 0.476164704821179, "('top_comment_3', 'top_comment_10')": 0.4629501437149177, "('top_comment_4', 'top_comment_5')": 0.5126657694867367, "('top_comment_4', 'top_comment_6')": 0.48800054704909535, "('top_comment_4', 'top_comment_7')": 0.5038430359459843, "('top_comment_4', 'top_comment_8')": 0.48722202574114515, "('top_comment_4', 'top_comment_9')": 0.5029544059183912, "('top_comment_4', 'top_comment_10')": 0.4714620842563543, "('top_comment_5', 'top_comment_6')": 0.48114214522041154, "('top_comment_5', 'top_comment_7')": 0.5258333552119159, "('top_comment_5', 'top_comment_8')": 0.48544477981099965, "('top_comment_5', 'top_comment_9')": 0.4932372525035351, "('top_comment_5', 'top_comment_10')": 0.4820767604612649, "('top_comment_6', 'top_comment_7')": 0.4937827416878596, "('top_comment_6', 'top_comment_8')": 0.48252384378535385, "('top_comment_6', 'top_comment_9')": 0.4806420743470581, "('top_comment_6', 'top_comment_10')": 0.4640604482087124, "('top_comment_7', 'top_comment_8')": 0.46807901568434673, "('top_comment_7', 'top_comment_9')": 0.4917337017269723, "('top_comment_7', 'top_comment_10')": 0.44821248047054496, "('top_comment_8', 'top_comment_9')": 0.44702350843409255, "('top_comment_8', 'top_comment_10')": 0.4092838407018331, "('top_comment_9', 'top_comment_10')": 0.4343023495069075}, "test": {"('top_comment_1', 'top_comment_2')": 0.4615049220395605, "('top_comment_1', 'top_comment_3')": 0.4998761836255793, "('top_comment_1', 'top_comment_4')": 0.44966493915750705, "('top_comment_1', 'top_comment_5')": 0.403701384104716, "('top_comment_1', 'top_comment_6')": 0.41674702351667814, "('top_comment_1', 'top_comment_7')": 0.4065861951004963, "('top_comment_1', 'top_comment_8')": 0.3852006232168512, "('top_comment_1', 'top_comment_9')": 0.3634160392538588, "('top_comment_1', 'top_comment_10')": 0.3933826608962725, "('top_comment_2', 'top_comment_3')": 0.4960217013101589, "('top_comment_2', 'top_comment_4')": 0.5292830711117569, "('top_comment_2', 'top_comment_5')": 0.4987536999532637, "('top_comment_2', 'top_comment_6')": 0.46449332285938727, "('top_comment_2', 'top_comment_7')": 0.45685225962042564, "('top_comment_2', 'top_comment_8')": 0.4485287443954328, "('top_comment_2', 'top_comment_9')": 0.4360585492321265, "('top_comment_2', 'top_comment_10')": 0.48879631090121267, "('top_comment_3', 'top_comment_4')": 0.5504161873181295, "('top_comment_3', 'top_comment_5')": 0.47992920717162135, "('top_comment_3', 'top_comment_6')": 0.5408654467168998, "('top_comment_3', 'top_comment_7')": 0.5373448970911847, "('top_comment_3', 'top_comment_8')": 0.4973066564063101, "('top_comment_3', 'top_comment_9')": 0.4743120628072902, "('top_comment_3', 'top_comment_10')": 0.45755393072917616, "('top_comment_4', 'top_comment_5')": 0.53061679326932, "('top_comment_4', 'top_comment_6')": 0.5509330447823528, "('top_comment_4', 'top_comment_7')": 0.5158428390367553, "('top_comment_4', 'top_comment_8')": 0.5310735018220751, "('top_comment_4', 'top_comment_9')": 0.46490445560824445, "('top_comment_4', 'top_comment_10')": 0.5189762593150629, "('top_comment_5', 'top_comment_6')": 0.5135516259130779, "('top_comment_5', 'top_comment_7')": 0.5013373135524457, "('top_comment_5', 'top_comment_8')": 0.4853051291651067, "('top_comment_5', 'top_comment_9')": 0.49984208561830656, "('top_comment_5', 'top_comment_10')": 0.49956828534849795, "('top_comment_6', 'top_comment_7')": 0.5389320631737277, "('top_comment_6', 'top_comment_8')": 0.4978767022990188, "('top_comment_6', 'top_comment_9')": 0.4601858512023951, "('top_comment_6', 'top_comment_10')": 0.4990613996813832, "('top_comment_7', 'top_comment_8')": 0.4248336528701929, "('top_comment_7', 'top_comment_9')": 0.5019512391374317, "('top_comment_7', 'top_comment_10')": 0.46526851363509447, "('top_comment_8', 'top_comment_9')": 0.44192114418245076, "('top_comment_8', 'top_comment_10')": 0.4114061256961018, "('top_comment_9', 'top_comment_10')": 0.4665738161559889}}