{"train": 0.6471047835413438, "test": 0.6287972488957214}