{"train": {"('top_comment_1', 'top_comment_2')": 0.6678856457760665, "('top_comment_1', 'top_comment_3')": 0.6292719848460281, "('top_comment_1', 'top_comment_4')": 0.5972809910444538, "('top_comment_1', 'top_comment_5')": 0.5648057990321033, "('top_comment_1', 'top_comment_6')": 0.5573469284741448, "('top_comment_1', 'top_comment_7')": 0.5522328542044435, "('top_comment_1', 'top_comment_8')": 0.5415837287799297, "('top_comment_1', 'top_comment_9')": 0.5375863892391876, "('top_comment_1', 'top_comment_10')": 0.5347500672331136, "('top_comment_2', 'top_comment_3')": 0.6147585787658214, "('top_comment_2', 'top_comment_4')": 0.5998752825604723, "('top_comment_2', 'top_comment_5')": 0.5750184118523812, "('top_comment_2', 'top_comment_6')": 0.5679411844322686, "('top_comment_2', 'top_comment_7')": 0.556343204312058, "('top_comment_2', 'top_comment_8')": 0.55497571321463, "('top_comment_2', 'top_comment_9')": 0.5524649159134517, "('top_comment_2', 'top_comment_10')": 0.5458510445880594, "('top_comment_3', 'top_comment_4')": 0.5755529875231749, "('top_comment_3', 'top_comment_5')": 0.5671393195815033, "('top_comment_3', 'top_comment_6')": 0.5542466281705902, "('top_comment_3', 'top_comment_7')": 0.5510280442479463, "('top_comment_3', 'top_comment_8')": 0.548946580246812, "('top_comment_3', 'top_comment_9')": 0.5520744908522609, "('top_comment_3', 'top_comment_10')": 0.5465208015944911, "('top_comment_4', 'top_comment_5')": 0.5467625295712238, "('top_comment_4', 'top_comment_6')": 0.5481155267822384, "('top_comment_4', 'top_comment_7')": 0.5481927661343566, "('top_comment_4', 'top_comment_8')": 0.5461818822076471, "('top_comment_4', 'top_comment_9')": 0.5540278024345564, "('top_comment_4', 'top_comment_10')": 0.5471146126670771, "('top_comment_5', 'top_comment_6')": 0.5350230089071766, "('top_comment_5', 'top_comment_7')": 0.543966366332383, "('top_comment_5', 'top_comment_8')": 0.539106147385184, "('top_comment_5', 'top_comment_9')": 0.545754472550886, "('top_comment_5', 'top_comment_10')": 0.545482072666063, "('top_comment_6', 'top_comment_7')": 0.5200864488607965, "('top_comment_6', 'top_comment_8')": 0.5266783942042781, "('top_comment_6', 'top_comment_9')": 0.5401751083772686, "('top_comment_6', 'top_comment_10')": 0.5397542514250929, "('top_comment_7', 'top_comment_8')": 0.5155767025105003, "('top_comment_7', 'top_comment_9')": 0.5330819995417984, "('top_comment_7', 'top_comment_10')": 0.5359189096131037, "('top_comment_8', 'top_comment_9')": 0.5113389731314469, "('top_comment_8', 'top_comment_10')": 0.5264902133774974, "('top_comment_9', 'top_comment_10')": 0.515001070418767}, "test": {"('top_comment_1', 'top_comment_2')": 0.6721220364512707, "('top_comment_1', 'top_comment_3')": 0.6324856070444742, "('top_comment_1', 'top_comment_4')": 0.5906888325667249, "('top_comment_1', 'top_comment_5')": 0.5714298828911003, "('top_comment_1', 'top_comment_6')": 0.556985644974609, "('top_comment_1', 'top_comment_7')": 0.551241170410763, "('top_comment_1', 'top_comment_8')": 0.5552881745484338, "('top_comment_1', 'top_comment_9')": 0.5453805636623594, "('top_comment_1', 'top_comment_10')": 0.5371651386390837, "('top_comment_2', 'top_comment_3')": 0.6162012418004308, "('top_comment_2', 'top_comment_4')": 0.5911198669225287, "('top_comment_2', 'top_comment_5')": 0.5875805741386113, "('top_comment_2', 'top_comment_6')": 0.5566374594046724, "('top_comment_2', 'top_comment_7')": 0.5579766672703781, "('top_comment_2', 'top_comment_8')": 0.5493353219267507, "('top_comment_2', 'top_comment_9')": 0.5507052545658757, "('top_comment_2', 'top_comment_10')": 0.5416186860513705, "('top_comment_3', 'top_comment_4')": 0.5737454663263759, "('top_comment_3', 'top_comment_5')": 0.5680988510173952, "('top_comment_3', 'top_comment_6')": 0.5705531818660086, "('top_comment_3', 'top_comment_7')": 0.5611649151840988, "('top_comment_3', 'top_comment_8')": 0.5610048428574289, "('top_comment_3', 'top_comment_9')": 0.5596527216895435, "('top_comment_3', 'top_comment_10')": 0.557111096871107, "('top_comment_4', 'top_comment_5')": 0.5532423970601423, "('top_comment_4', 'top_comment_6')": 0.5525276973437547, "('top_comment_4', 'top_comment_7')": 0.5571443901113377, "('top_comment_4', 'top_comment_8')": 0.5438602392068457, "('top_comment_4', 'top_comment_9')": 0.5452859622848973, "('top_comment_4', 'top_comment_10')": 0.5507196813079722, "('top_comment_5', 'top_comment_6')": 0.5403887730954098, "('top_comment_5', 'top_comment_7')": 0.5499174396802202, "('top_comment_5', 'top_comment_8')": 0.5608884284896405, "('top_comment_5', 'top_comment_9')": 0.5446331965415395, "('top_comment_5', 'top_comment_10')": 0.557570877132201, "('top_comment_6', 'top_comment_7')": 0.5342395207902286, "('top_comment_6', 'top_comment_8')": 0.5313634607683958, "('top_comment_6', 'top_comment_9')": 0.5513799978850606, "('top_comment_6', 'top_comment_10')": 0.5464312977154231, "('top_comment_7', 'top_comment_8')": 0.5151814068679899, "('top_comment_7', 'top_comment_9')": 0.5296748177343482, "('top_comment_7', 'top_comment_10')": 0.5346718427834638, "('top_comment_8', 'top_comment_9')": 0.5124882334962548, "('top_comment_8', 'top_comment_10')": 0.5336351772919319, "('top_comment_9', 'top_comment_10')": 0.5164639447156719}}