{"bleu": 0.004884623705298294, "precisions": [0.0847595994114576, 0.009443041593215493, 0.0016834855803720885, 0.00042248787747851556], "brevity_penalty": 1.0, "length_ratio": 5.319648538100288, "translation_length": 105345, "reference_length": 19803}