{"mean_score": 0.5887870695441961, "scores": [0.6964803338050842, 0.5986486673355103, 0.5685198307037354, 0.5775476098060608, 0.6705905795097351, 0.6233395338058472, 0.712647020816803, 0.6816638708114624, 0.5553640723228455, 0.6369240880012512, 0.578621506690979, 0.6195302605628967, 0.5900612473487854, 0.5309708714485168, 0.5908290147781372, 0.5701397657394409, 0.664430558681488, 0.678622305393219, 0.5165992379188538, 0.5640361309051514, 0.6155279874801636, 0.6239726543426514, 0.6469189524650574, 0.6677941083908081, 0.47796666622161865, 0.6467922329902649, 0.5067685842514038, 0.5678573846817017, 0.5196142792701721, 0.6974759697914124, 0.5284605622291565, 0.5306445956230164, 0.57899409532547, 0.6664654612541199, 0.6354873776435852, 0.5546210408210754, 0.48585930466651917, 0.6142498850822449, 0.6088758707046509, 0.6340674757957458, 0.6524960994720459, 0.6219710111618042, 0.6314648985862732, 0.6774407029151917, 0.5947714447975159, 0.5942277908325195, 0.49548497796058655, 0.6228131651878357, 0.5952557325363159, 0.6106989979743958, 0.5899975299835205, 0.5717228055000305, 0.5866501927375793, 0.5643575191497803, 0.5898925065994263, 0.6326081156730652, 0.6105630397796631, 0.5928179621696472, 0.6291946172714233, 0.5274150967597961, 0.5661553144454956, 0.6122022271156311, 0.5956755876541138, 0.5433835983276367, 0.6630455851554871, 0.5491903424263, 0.49258747696876526, 0.5598552823066711, 0.6509562730789185, 0.6617573499679565, 0.6637630462646484, 0.5371028780937195, 0.5658864974975586, 0.5926942825317383, 0.5173057317733765, 0.6514773368835449, 0.5104862451553345, 0.6047175526618958, 0.6050100326538086, 0.6382250785827637, 0.5383318066596985, 0.6938631534576416, 0.5706095695495605, 0.5587581992149353, 0.5825557708740234, 0.6333649754524231, 0.6196624636650085, 0.6649837493896484, 0.6585838198661804, 0.3627813458442688, 0.6281465291976929, 0.6358170509338379, 0.5567842125892639, 0.47834089398384094, 0.5323954224586487, 0.6262773871421814, 0.6060940623283386, 0.5380501747131348, 0.6025374531745911, 0.5835383534431458, 0.620788037776947, 0.6120988726615906, 0.5155544877052307, 0.5809942483901978, 0.5895494222640991, 0.5289593935012817, 0.6649314761161804, 0.544434130191803, 0.5890711545944214, 0.6570620536804199, 0.5600916743278503, 0.6086245179176331, 0.6369922161102295, 0.5455811619758606, 0.5765145421028137, 0.5662212371826172, 0.6302589178085327, 0.5147232413291931, 0.640880286693573, 0.6542254090309143, 0.6160976886749268, 0.5981957316398621, 0.5021862387657166, 0.6142674088478088, 0.6789807677268982, 0.5803425312042236, 0.6192342638969421, 0.5708953738212585, 0.6295096278190613, 0.6031810641288757, 0.5788640975952148, 0.6332364678382874, 0.5911592245101929, 0.5449495911598206, 0.5566607117652893, 0.6064987778663635, 0.5834800601005554, 0.600007176399231, 0.5591111779212952, 0.6048750281333923, 0.6357068419456482, 0.6074408888816833, 0.5661726593971252, 0.5691197514533997, 0.47496452927589417, 0.6283299326896667, 0.5288615822792053, 0.5992404222488403, 0.6281440854072571, 0.4915916323661804, 0.65303635597229, 0.6021994948387146, 0.6187633872032166, 0.5861046314239502, 0.6628912687301636, 0.5948463082313538, 0.642012357711792, 0.5832766890525818, 0.6110788583755493, 0.6018738746643066, 0.5975709557533264, 0.43474045395851135, 0.6048409342765808, 0.61668461561203, 0.3965704143047333, 0.5883033871650696, 0.6322193145751953, 0.627851665019989, 0.5003373026847839, 0.4679601788520813, 0.5855100154876709, 0.6285610795021057, 0.6598905920982361, 0.6164649724960327, 0.6405254006385803, 0.6771198511123657, 0.531745970249176, 0.5846239328384399, 0.5505337119102478, 0.6104657053947449, 0.6091574430465698, 0.5873989462852478, 0.6396481394767761, 0.5131382346153259, 0.641322910785675, 0.5468311905860901, 0.648536741733551, 0.6222781538963318, 0.47882309556007385, 0.546034574508667, 0.5567957162857056, 0.5848262906074524, 0.6660091280937195, 0.5118417143821716, 0.5832890868186951, 0.5965738892555237, 0.5918673872947693, 0.6356565952301025, 0.6761187314987183, 0.5981550812721252, 0.3733198046684265, 0.6028505563735962, 0.6299805641174316, 0.599365234375, 0.5708181858062744, 0.5998542904853821, 0.5837892293930054, 0.5977020859718323, 0.4999825060367584, 0.6635004878044128, 0.6249613165855408, 0.6162142753601074, 0.4676382839679718, 0.6309608817100525, 0.6087325811386108, 0.5739989280700684, 0.6023785471916199, 0.5718512535095215, 0.611323893070221, 0.6134626269340515, 0.5269303917884827, 0.6025219559669495, 0.6484667658805847, 0.5298028588294983, 0.6565027832984924, 0.6331114768981934, 0.5405830144882202, 0.5263327360153198, 0.48828423023223877, 0.40598711371421814, 0.561357319355011, 0.5442626476287842, 0.5634719729423523, 0.6449471712112427, 0.7089585661888123, 0.7244419455528259, 0.6890837550163269, 0.5286464095115662, 0.551632821559906, 0.6036699414253235, 0.6364168524742126, 0.593054473400116, 0.542572021484375, 0.561349093914032, 0.4240413010120392, 0.5976758599281311, 0.6038359999656677, 0.5966470837593079, 0.6221017837524414, 0.5697084665298462, 0.5860653519630432, 0.6413086652755737, 0.6250067949295044, 0.6584310531616211, 0.618288516998291, 0.53139328956604, 0.55377197265625, 0.5986846089363098, 0.6249873638153076, 0.538394033908844, 0.5130844712257385, 0.613821804523468, 0.578581690788269, 0.5469421744346619, 0.6194788217544556, 0.5852900147438049, 0.4779413938522339, 0.5445125699043274, 0.47424188256263733, 0.6293633580207825, 0.5572500824928284, 0.3780533969402313, 0.5470312833786011, 0.5987494587898254, 0.6280005574226379, 0.6065491437911987, 0.5993350148200989, 0.5603652596473694, 0.44087305665016174, 0.6558560729026794, 0.6082676649093628, 0.6054907441139221, 0.6100040078163147, 0.5699399709701538, 0.5876190662384033, 0.550478458404541, 0.6170462965965271, 0.6189925670623779, 0.5997108817100525, 0.46825578808784485, 0.567954421043396, 0.4529867470264435, 0.6114230155944824, 0.6062621474266052, 0.6068913340568542, 0.5726415514945984, 0.632408618927002, 0.5846232771873474, 0.5498297810554504, 0.6051400303840637, 0.6485915780067444, 0.5548596978187561, 0.6378132700920105, 0.6231589317321777, 0.5800002217292786, 0.5756757259368896, 0.6111376881599426, 0.5355891585350037, 0.5908799767494202, 0.5291174054145813, 0.6446095108985901, 0.6426816582679749, 0.5801800489425659, 0.600007951259613, 0.6813684701919556, 0.5820828080177307, 0.6212440729141235, 0.579125702381134, 0.5581653118133545, 0.6368862986564636, 0.5857202410697937, 0.6649017333984375, 0.6141178011894226, 0.6614930033683777, 0.6367629170417786, 0.6318656206130981, 0.5382545590400696, 0.5544658303260803, 0.5729033350944519, 0.6027337908744812, 0.5674425959587097, 0.5034525394439697, 0.48959821462631226, 0.5469966530799866, 0.6213792562484741, 0.5646058917045593, 0.6756374835968018, 0.6508446335792542, 0.5299147367477417, 0.44540533423423767, 0.48464182019233704, 0.5278542637825012, 0.5916133522987366, 0.6034078598022461, 0.6015720963478088, 0.5711737275123596, 0.5989486575126648, 0.5472468733787537, 0.5038045644760132, 0.4837493598461151, 0.5389976501464844, 0.5605595111846924, 0.5567854642868042, 0.5733705163002014, 0.5764576196670532, 0.612533450126648, 0.6022132039070129, 0.5732849836349487, 0.6925070881843567, 0.5923576354980469, 0.39930927753448486, 0.61725914478302, 0.5932437777519226, 0.6004704833030701, 0.6287548542022705, 0.6397598385810852, 0.6416004300117493, 0.5412086248397827, 0.6518144011497498, 0.657561719417572, 0.5393826961517334, 0.6079081296920776, 0.5707264542579651, 0.6030030250549316, 0.6149980425834656, 0.6114080548286438, 0.6100060343742371, 0.5991412997245789, 0.6336566805839539, 0.5639871954917908, 0.6353719234466553, 0.5919367074966431, 0.6032416820526123, 0.5958660840988159, 0.6119245290756226, 0.6216045618057251, 0.6105232834815979, 0.614292323589325, 0.5847367644309998, 0.6989439725875854, 0.6145928502082825, 0.5958675146102905, 0.7012510895729065, 0.5593413710594177, 0.5584345459938049, 0.6181427836418152, 0.6115133166313171, 0.669015109539032, 0.647838830947876, 