{"rouge1": 0.12968871063897267, "rouge2": 0.01680532236365904, "rougeL": 0.08371973082456118, "rougeLsum": 0.1029242948305445}