{"rouge1": 0.037119333550139494, "rouge2": 0.00015035227516564987, "rougeL": 0.03249484386639544, "rougeLsum": 0.03338107261363639}