{"train": {"('top_comment_1', 'top_comment_2')": 0.6620945766822124, "('top_comment_1', 'top_comment_3')": 0.6259882706024089, "('top_comment_1', 'top_comment_4')": 0.603481746158639, "('top_comment_1', 'top_comment_5')": 0.5837786683635181, "('top_comment_1', 'top_comment_6')": 0.5819987451801567, "('top_comment_1', 'top_comment_7')": 0.583307677411819, "('top_comment_1', 'top_comment_8')": 0.58164935261846, "('top_comment_1', 'top_comment_9')": 0.5795130804789319, "('top_comment_1', 'top_comment_10')": 0.5793100981863515, "('top_comment_2', 'top_comment_3')": 0.612809934070593, "('top_comment_2', 'top_comment_4')": 0.6004870259491026, "('top_comment_2', 'top_comment_5')": 0.5883749464795012, "('top_comment_2', 'top_comment_6')": 0.5913331084287288, "('top_comment_2', 'top_comment_7')": 0.5880309496866195, "('top_comment_2', 'top_comment_8')": 0.5932387312555103, "('top_comment_2', 'top_comment_9')": 0.5928332864488393, "('top_comment_2', 'top_comment_10')": 0.5899961152556648, "('top_comment_3', 'top_comment_4')": 0.5783402431276258, "('top_comment_3', 'top_comment_5')": 0.5795801655054522, "('top_comment_3', 'top_comment_6')": 0.5785264145866598, "('top_comment_3', 'top_comment_7')": 0.5797932963164178, "('top_comment_3', 'top_comment_8')": 0.585421017628688, "('top_comment_3', 'top_comment_9')": 0.5900440021080829, "('top_comment_3', 'top_comment_10')": 0.5860266087756698, "('top_comment_4', 'top_comment_5')": 0.5599882674120507, "('top_comment_4', 'top_comment_6')": 0.5680833774093379, "('top_comment_4', 'top_comment_7')": 0.5771709673904584, "('top_comment_4', 'top_comment_8')": 0.580864813865438, "('top_comment_4', 'top_comment_9')": 0.5913938780818326, "('top_comment_4', 'top_comment_10')": 0.5862005975754505, "('top_comment_5', 'top_comment_6')": 0.5577052825568851, "('top_comment_5', 'top_comment_7')": 0.5732873153809555, "('top_comment_5', 'top_comment_8')": 0.57457439001498, "('top_comment_5', 'top_comment_9')": 0.5846502044113449, "('top_comment_5', 'top_comment_10')": 0.5848770062773849, "('top_comment_6', 'top_comment_7')": 0.5499881915326419, "('top_comment_6', 'top_comment_8')": 0.5631958706934715, "('top_comment_6', 'top_comment_9')": 0.5760209735568471, "('top_comment_6', 'top_comment_10')": 0.5792881267174033, "('top_comment_7', 'top_comment_8')": 0.5522099671564312, "('top_comment_7', 'top_comment_9')": 0.5678262398720065, "('top_comment_7', 'top_comment_10')": 0.573655764476444, "('top_comment_8', 'top_comment_9')": 0.553469688196874, "('top_comment_8', 'top_comment_10')": 0.5662883898191882, "('top_comment_9', 'top_comment_10')": 0.5554076233495021}, "test": {"('top_comment_1', 'top_comment_2')": 0.6713049353978272, "('top_comment_1', 'top_comment_3')": 0.6279258745883872, "('top_comment_1', 'top_comment_4')": 0.6015465918033738, "('top_comment_1', 'top_comment_5')": 0.5853098174479905, "('top_comment_1', 'top_comment_6')": 0.5801605775012044, "('top_comment_1', 'top_comment_7')": 0.5844111996486958, "('top_comment_1', 'top_comment_8')": 0.5880663529236703, "('top_comment_1', 'top_comment_9')": 0.5846960515167052, "('top_comment_1', 'top_comment_10')": 0.5820224767922078, "('top_comment_2', 'top_comment_3')": 0.6139409169926109, "('top_comment_2', 'top_comment_4')": 0.5928093773447995, "('top_comment_2', 'top_comment_5')": 0.5955175102364798, "('top_comment_2', 'top_comment_6')": 0.5870370094926662, "('top_comment_2', 'top_comment_7')": 0.5909262791385952, "('top_comment_2', 'top_comment_8')": 0.5897512253758019, "('top_comment_2', 'top_comment_9')": 0.5886665589873701, "('top_comment_2', 'top_comment_10')": 0.586988783479081, "('top_comment_3', 'top_comment_4')": 0.5782829759905426, "('top_comment_3', 'top_comment_5')": 0.5830067845556096, "('top_comment_3', 'top_comment_6')": 0.589573441305623, "('top_comment_3', 'top_comment_7')": 0.588443795688337, "('top_comment_3', 'top_comment_8')": 0.5915777366378796, "('top_comment_3', 'top_comment_9')": 0.5954628787719134, "('top_comment_3', 'top_comment_10')": 0.5970922312365198, "('top_comment_4', 'top_comment_5')": 0.566696225378329, "('top_comment_4', 'top_comment_6')": 0.5756874465132933, "('top_comment_4', 'top_comment_7')": 0.5856335809771631, "('top_comment_4', 'top_comment_8')": 0.5812543495965554, "('top_comment_4', 'top_comment_9')": 0.5817060347946811, "('top_comment_4', 'top_comment_10')": 0.5899212057488934, "('top_comment_5', 'top_comment_6')": 0.564538318158244, "('top_comment_5', 'top_comment_7')": 0.578177771342859, "('top_comment_5', 'top_comment_8')": 0.5898649778751219, "('top_comment_5', 'top_comment_9')": 0.5807025115661975, "('top_comment_5', 'top_comment_10')": 0.596592563668769, "('top_comment_6', 'top_comment_7')": 0.5604508928278128, "('top_comment_6', 'top_comment_8')": 0.5691087411155049, "('top_comment_6', 'top_comment_9')": 0.5874820782949306, "('top_comment_6', 'top_comment_10')": 0.583686421498863, "('top_comment_7', 'top_comment_8')": 0.5524831493341953, "('top_comment_7', 'top_comment_9')": 0.5651198916393725, "('top_comment_7', 'top_comment_10')": 0.5778643998177777, "('top_comment_8', 'top_comment_9')": 0.5534259265993757, "('top_comment_8', 'top_comment_10')": 0.5720049916095937, "('top_comment_9', 'top_comment_10')": 0.5553940083945366}}