{"train": 0.7551065028563997, "test": 0.7588475336757211}