{
    "percent_toxic_predictions": 0.017011593888828693,
    "percent_toxic_references": 0.2310109437642215
}