{"bleu": 0.0029008103650644485, "precisions": [0.07928492481164887, 0.007585090461112412, 0.0010427422075465912, 0.00011291431856208747], "brevity_penalty": 1.0, "length_ratio": 4.980003029843963, "translation_length": 98619, "reference_length": 19803}