{"mean_score": 0.5805355206131935, "scores": [0.6473856568336487, 0.5773895382881165, 0.5676491856575012, 0.5549101829528809, 0.6655991077423096, 0.6334290504455566, 0.676914393901825, 0.6242950558662415, 0.5017998218536377, 0.5791029930114746, 0.5167261958122253, 0.6943246722221375, 0.5804798007011414, 0.5844961404800415, 0.6028004884719849, 0.5929002165794373, 0.5838291645050049, 0.684578537940979, 0.5428295731544495, 0.5704138875007629, 0.5640712976455688, 0.6169455647468567, 0.641441285610199, 0.6624580025672913, 0.49143415689468384, 0.6119773387908936, 0.4693280756473541, 0.5887518525123596, 0.5028225183486938, 0.6939911246299744, 0.4893989861011505, 0.52703458070755, 0.5546340942382812, 0.6565090417861938, 0.6346065998077393, 0.6030942797660828, 0.511262059211731, 0.6028583645820618, 0.545413613319397, 0.6116916537284851, 0.6020073294639587, 0.6167612075805664, 0.6443997621536255, 0.6724151968955994, 0.6149144768714905, 0.6332435607910156, 0.4913453459739685, 0.6078937649726868, 0.595194399356842, 0.5957337021827698, 0.5569081902503967, 0.539297878742218, 0.5788103938102722, 0.5546375513076782, 0.6400155425071716, 0.6578659415245056, 0.6483646035194397, 0.5449075102806091, 0.6515011191368103, 0.5208799839019775, 0.5903716087341309, 0.6190976500511169, 0.5728083252906799, 0.5712264776229858, 0.6839138269424438, 0.5327855348587036, 0.501652717590332, 0.5386626720428467, 0.6375315189361572, 0.6349008679389954, 0.6649195551872253, 0.5280422568321228, 0.5454660058021545, 0.6331790089607239, 0.4997044503688812, 0.6069852113723755, 0.5309721231460571, 0.6255577802658081, 0.5931167006492615, 0.6086339950561523, 0.5340563654899597, 0.6281230449676514, 0.5856902599334717, 0.5454120635986328, 0.5621219873428345, 0.6206490397453308, 0.6224952936172485, 0.6258442997932434, 0.5791173577308655, 0.36162421107292175, 0.6162580251693726, 0.6550151705741882, 0.5559338331222534, 0.48601582646369934, 0.5168271660804749, 0.6094688177108765, 0.5682859420776367, 0.5040912628173828, 0.5507505536079407, 0.5719334483146667, 0.5811649560928345, 0.514265239238739, 0.6320930123329163, 0.5747992992401123, 0.6065870523452759, 0.5082505345344543, 0.634844958782196, 0.5495898723602295, 0.5776662230491638, 0.5861808657646179, 0.5517929196357727, 0.6176132559776306, 0.6307817697525024, 0.5092071890830994, 0.6092628240585327, 0.571165144443512, 0.6212190985679626, 0.5249603986740112, 0.6084820032119751, 0.615587055683136, 0.6106618046760559, 0.5956594944000244, 0.545988142490387, 0.6052559018135071, 0.6104253530502319, 0.5852176547050476, 0.5742659568786621, 0.6227903962135315, 0.578525185585022, 0.640231192111969, 0.605898916721344, 0.6240874528884888, 0.5395599007606506, 0.5402713418006897, 0.5700300335884094, 0.5388671159744263, 0.5569769144058228, 0.5974359512329102, 0.5594033002853394, 0.5937698483467102, 0.6149084568023682, 0.6141700148582458, 0.6203137636184692, 0.5461130738258362, 0.4746797978878021, 0.6422710418701172, 0.521687924861908, 0.5888395309448242, 0.5559448003768921, 0.4887843430042267, 0.6304185390472412, 0.5924277305603027, 0.5846713185310364, 0.5924447774887085, 0.6332199573516846, 0.5968482494354248, 0.649384081363678, 0.556922197341919, 0.6467022895812988, 0.5898191332817078, 0.5998391509056091, 0.41903379559516907, 0.5602136254310608, 0.5379489064216614, 0.39037618041038513, 0.5757763981819153, 0.6294759511947632, 0.6824248433113098, 0.5365029573440552, 0.49121159315109253, 0.5565944910049438, 0.6466413736343384, 0.6452942490577698, 0.6413564682006836, 0.6309783458709717, 0.6771458387374878, 0.5364691615104675, 0.5755271911621094, 0.5347431302070618, 0.5563290119171143, 0.5300287008285522, 0.48928073048591614, 0.5550588965415955, 0.5410122275352478, 0.6216046214103699, 0.5599431991577148, 0.5877851247787476, 0.6299774646759033, 0.489969938993454, 0.5449790954589844, 0.5607482194900513, 0.577592134475708, 0.6676515936851501, 0.48719194531440735, 0.5635942816734314, 0.6211082935333252, 0.6067383289337158, 0.646632969379425, 0.6468169093132019, 0.6166233420372009, 0.3694751262664795, 0.5917162299156189, 0.5945460796356201, 0.5958926677703857, 0.5747455358505249, 0.5904043316841125, 0.5226522088050842, 0.6126683354377747, 0.4921717345714569, 0.6239606738090515, 0.5616440176963806, 0.6489249467849731, 0.45212429761886597, 0.6548457741737366, 0.5742422938346863, 0.6035222411155701, 0.5718395709991455, 0.5640067458152771, 0.5667779445648193, 0.6348266005516052, 0.5557999014854431, 0.6299287676811218, 0.6271564364433289, 0.5229416489601135, 0.588425874710083, 0.6040787100791931, 0.5534024238586426, 0.6024559140205383, 0.5018638372421265, 0.4200269281864166, 0.5311645865440369, 0.5902566909790039, 0.5758464932441711, 0.6324847340583801, 0.6503541469573975, 0.6801295876502991, 0.6524399518966675, 0.49613508582115173, 0.600073516368866, 0.6004620790481567, 0.6566501259803772, 0.5695464015007019, 0.4931724965572357, 0.5640243887901306, 0.44291794300079346, 0.6137235760688782, 0.5563514232635498, 0.5875224471092224, 0.6416661739349365, 0.5724326372146606, 0.559376060962677, 0.627841055393219, 0.631043016910553, 0.6246725916862488, 0.6021595597267151, 0.531100332736969, 0.6231477856636047, 0.6180669069290161, 0.5926149487495422, 0.5524736046791077, 0.543444812297821, 0.5593001842498779, 0.5683645606040955, 0.5301068425178528, 0.6379404067993164, 0.5585377812385559, 0.49565139412879944, 0.5583925843238831, 0.4795643389225006, 0.558050274848938, 0.5999683141708374, 0.3717760443687439, 0.5372297763824463, 0.6532298922538757, 0.6046633124351501, 0.6131237745285034, 0.5963675379753113, 0.6011300086975098, 0.45085859298706055, 0.6276204586029053, 0.5553644299507141, 0.6228222250938416, 0.6281770467758179, 0.5724904537200928, 0.5531850457191467, 0.5552194118499756, 0.6402798891067505, 0.6248772144317627, 0.5725844502449036, 0.44280970096588135, 0.5505082011222839, 0.4306093752384186, 0.6567094922065735, 0.6311913728713989, 0.5856132507324219, 0.5629453063011169, 0.604652464389801, 0.5559715032577515, 0.5551819801330566, 0.5692972540855408, 0.6465686559677124, 0.5290341377258301, 0.6253049373626709, 0.6023922562599182, 0.559230625629425, 0.5869411826133728, 0.5990291237831116, 0.5940567851066589, 0.5826813578605652, 0.4818633496761322, 0.6344349980354309, 0.6352772116661072, 0.589900016784668, 0.5065466165542603, 0.6851863265037537, 0.6073777675628662, 0.6413260102272034, 0.5822514891624451, 0.5893988609313965, 0.6443993449211121, 0.5274254679679871, 0.6127939224243164, 0.5777747631072998, 0.6118941307067871, 0.6607317328453064, 0.6128067374229431, 0.526917576789856, 0.5850966572761536, 0.616571307182312, 0.5898860692977905, 0.5625851154327393, 0.5806060433387756, 0.5128902792930603, 0.5724160075187683, 0.5524018406867981, 0.57420414686203, 0.6505771279335022, 0.6384088397026062, 0.5489814281463623, 0.41181066632270813, 0.5283594727516174, 0.5779417157173157, 0.536346971988678, 0.5917209982872009, 0.5886017680168152, 0.5939034819602966, 0.6145114302635193, 0.5530425310134888, 0.5062625408172607, 0.4826487898826599, 0.5899466872215271, 0.5639733672142029, 0.5399770736694336, 0.5338720679283142, 0.5589078664779663, 0.5509857535362244, 0.6369967460632324, 0.6049052476882935, 0.675712525844574, 0.5511981844902039, 0.4268079400062561, 0.5589672923088074, 0.6024357080459595, 0.585056722164154, 0.5908939838409424, 0.6374357342720032, 0.6337079405784607, 0.5649487376213074, 0.633854329586029, 0.6221181154251099, 0.534372866153717, 0.5783116221427917, 0.6159268617630005, 0.5523455739021301, 0.6428417563438416, 0.6175748705863953, 0.6392906308174133, 0.6353994011878967, 0.6392190456390381, 0.5414144396781921, 0.60587078332901, 0.5530348420143127, 0.5295771956443787, 0.5951391458511353, 0.5988518595695496, 0.6165878176689148, 0.5735507011413574, 0.5954670310020447, 0.5322968363761902, 0.6388007998466492, 0.5960127711296082, 0.6004035472869873, 0.6608887314796448, 0.5705885291099548, 0.5535308718681335, 0.5852617621421814, 0.5752071738243103, 0.6107065081596375, 0.6096819043159485, 