{"rouge1": 0.12501734219780147, "rouge2": 0.013461762622540986, "rougeL": 0.07817303771067846, "rougeLsum": 0.09816615885970226}