{"mean_score": 0.30777675576508046, "scores": [0.3132738769054413, 0.2912513017654419, 0.296244353055954, 0.27080559730529785, 0.26459693908691406, 0.2669012248516083, 0.3349454700946808, 0.32750579714775085, 0.41487663984298706, 0.283741295337677, 0.3564431369304657, 0.27288928627967834, 0.2789505124092102, 0.3148519694805145, 0.3007986545562744, 0.3014315664768219, 0.2804008424282074, 0.3601599633693695, 0.3157080113887787, 0.33303943276405334, 0.30422914028167725, 0.3622777760028839, 0.26875579357147217, 0.3317886292934418, 0.37525227665901184, 0.2611415982246399, 0.28559961915016174, 0.31175413727760315, 0.3129962980747223, 0.3029297888278961, 0.36444664001464844, 0.29634127020835876, 0.312734454870224, 0.2976500689983368, 0.31876808404922485, 0.2788717746734619, 0.26793888211250305, 0.29340213537216187, 0.3355853259563446, 0.24427226185798645, 0.3286385238170624, 0.29068124294281006, 0.4224289357662201, 0.3184562623500824, 0.4075809717178345, 0.30211207270622253, 0.3830609619617462, 0.29636260867118835, 0.3354451656341553, 0.30969560146331787, 0.2918078601360321, 0.31892576813697815, 0.29526472091674805, 0.2653179466724396, 0.34037575125694275, 0.29010269045829773, 0.3990263342857361, 0.3312138319015503, 0.28917527198791504, 0.29749202728271484, 0.32821014523506165, 0.24932223558425903, 0.26004427671432495, 0.25877371430397034, 0.2758053243160248, 0.42579618096351624, 0.2892599403858185, 0.2882240414619446, 0.3184932470321655, 0.29450371861457825, 0.279501736164093, 0.2791275084018707, 0.4047876000404358, 0.2837390899658203, 0.30661740899086, 0.33598074316978455, 0.4254438579082489, 0.25567469000816345, 0.33643674850463867, 0.2725798487663269, 0.3062093257904053, 0.2932882606983185, 0.35439610481262207, 0.2931406497955322, 0.2744283080101013, 0.3189617395401001, 0.3297854959964752, 0.2868363857269287, 0.3144921064376831, 0.30309751629829407, 0.2667321264743805, 0.2858905494213104, 0.2948094308376312, 0.2976382076740265, 0.46124812960624695, 0.46183791756629944, 0.2428838163614273, 0.2599203586578369, 0.2902914583683014, 0.32816383242607117, 0.29898935556411743, 0.29284000396728516, 0.2787841558456421, 0.32146939635276794, 0.40650472044944763, 0.33065757155418396, 0.348220556974411, 0.34352007508277893, 0.29328688979148865, 0.3259235620498657, 0.3075611889362335, 0.3015177845954895, 0.3465718626976013, 0.30180713534355164, 0.28178849816322327, 0.38976404070854187, 0.2713022828102112, 0.3591439127922058, 0.31772661209106445, 0.27150002121925354, 0.4171910583972931, 0.3229086995124817, 0.2844248414039612, 0.3401843011379242, 0.31303921341896057, 0.3113406002521515, 0.28572553396224976, 0.2925439774990082, 0.276029497385025, 0.2965809106826782, 0.26634106040000916, 0.3333655893802643, 0.33357223868370056, 0.2695339024066925, 0.3533124625682831, 0.3088590204715729, 0.269525945186615, 0.2970500588417053, 0.30567294359207153, 0.30597028136253357, 0.2902233302593231, 0.3154636323451996, 0.2825264036655426, 0.2767740786075592, 0.2895980775356293, 0.3337612748146057, 0.33866217732429504, 0.3459143340587616, 0.27075520157814026, 0.28035297989845276, 0.4635263681411743, 0.33225277066230774, 0.3016000986099243, 0.4401487410068512, 0.27648815512657166, 0.33009767532348633, 0.3133333623409271, 0.30940118432044983, 0.29243433475494385, 0.28739920258522034, 0.2959006130695343, 0.28470006585121155, 0.30282720923423767, 0.3372323215007782, 0.28530392050743103, 0.2699403166770935, 0.3020898103713989, 0.29777970910072327, 0.2819276452064514, 0.25343939661979675, 0.33216843008995056, 0.2941818833351135, 0.29998311400413513, 0.3022244870662689, 0.26405709981918335, 0.2771618664264679, 0.3153431713581085, 0.3410913646221161, 0.3138861358165741, 0.3858306109905243, 0.27809494733810425, 0.29313430190086365, 0.29128792881965637, 0.2784319221973419, 0.308064728975296, 0.27664992213249207, 0.3495042026042938, 0.3256417214870453, 0.3330763578414917, 0.2789749205112457, 0.30431482195854187, 0.3341626226902008, 0.3508202135562897, 0.31303778290748596, 0.33691689372062683, 0.28433963656425476, 0.25392892956733704, 0.2799614667892456, 0.3016127347946167, 0.27267828583717346, 0.3095257580280304, 0.33573928475379944, 0.2976844608783722, 0.3130122721195221, 0.27820029854774475, 0.2790325880050659, 0.28503289818763733, 0.3982525169849396, 0.2800627052783966, 0.27630338072776794, 0.34488555788993835, 0.2695840299129486, 0.33010247349739075, 0.24934878945350647, 0.3407804071903229, 0.2843243181705475, 0.2746356427669525, 0.29666492342948914, 0.2746475636959076, 0.27868637442588806, 0.28757816553115845, 0.33498913049697876, 0.31473982334136963, 0.3083086907863617, 0.3155346214771271, 0.2940649092197418, 0.35510095953941345, 0.2872367799282074, 0.2695068418979645, 0.3011111617088318, 0.4250151216983795, 0.3261304199695587, 0.3137902319431305, 0.30759456753730774, 0.27451589703559875, 0.29429537057876587, 0.2726178467273712, 0.33015695214271545, 0.2838362157344818, 0.3449910283088684, 0.2815060615539551, 0.2968473732471466, 0.29466161131858826, 0.2964288294315338, 0.2573951184749603, 0.35551175475120544, 0.2714315354824066, 0.2662152647972107, 0.2875649034976959, 0.28411194682121277, 0.2722812294960022, 0.25227221846580505, 0.26976659893989563, 0.3096202611923218, 0.31036433577537537, 0.2368021011352539, 0.2466711699962616, 0.2796555459499359, 0.38285619020462036, 0.33297306299209595, 0.3349497318267822, 0.2875652611255646, 0.28334754705429077, 0.269216388463974, 0.28176745772361755, 0.3986895978450775, 0.24265332520008087, 0.320882111787796, 0.30666372179985046, 0.3038364052772522, 0.2720302939414978, 0.2933390438556671, 0.2780299782752991, 0.25934192538261414, 0.3153046667575836, 0.2715812027454376, 0.3344546854496002, 0.28367897868156433, 0.309324711561203, 0.34127548336982727, 0.2859453856945038, 0.303658127784729, 0.25756409764289856, 0.2694949209690094, 0.29774725437164307, 0.3053579032421112, 0.2595812678337097, 0.31128332018852234, 0.25731196999549866, 0.31658366322517395, 0.2829590141773224, 0.34195563197135925, 0.3643433153629303, 0.3302268385887146, 0.3199538588523865, 0.29658469557762146, 0.3441239893436432, 0.2845788300037384, 0.2819748818874359, 0.28909483551979065, 0.275340735912323, 0.30668365955352783, 0.3571814000606537, 0.3406509459018707, 0.31825917959213257, 0.2626993656158447, 0.2891092300415039, 0.3130902349948883, 0.3247682452201843, 0.26829662919044495, 0.3635348081588745, 0.3504529297351837, 0.37294432520866394, 0.3611695170402527, 0.25301820039749146, 0.48331379890441895, 0.3423246443271637, 0.287733793258667, 0.3256523311138153, 0.26042959094047546, 0.3074284493923187, 0.28983643651008606, 0.3182511627674103, 0.2898130714893341, 0.26888659596443176, 0.2737984359264374, 0.36653056740760803, 0.2721499800682068, 0.2961089611053467, 0.2779436409473419, 0.29675981402397156, 0.3185042142868042, 0.3075239956378937, 0.29430297017097473, 0.40136340260505676, 0.34190765023231506, 0.31608107686042786, 0.3469425439834595, 0.33443892002105713, 0.3480895459651947, 0.2798548638820648, 0.2762925922870636, 0.26645413041114807, 0.29824957251548767, 0.31657543778419495, 0.3477378189563751, 0.31602904200553894, 0.3048342764377594, 0.307647168636322, 0.30320924520492554, 0.28618139028549194, 0.2869773209095001, 0.3116675615310669, 0.29962119460105896, 0.331250935792923, 0.2774623930454254, 0.3211432993412018, 0.37884679436683655, 0.2711043059825897, 0.2565293610095978, 0.31702253222465515, 0.31691011786460876, 0.27116847038269043, 0.24584653973579407, 0.30603858828544617, 0.37428852915763855, 0.26841622591018677, 0.3939831554889679, 0.2815769910812378, 0.3139098882675171, 0.2876390814781189, 0.31192654371261597, 0.2602064609527588, 0.24881625175476074, 0.34860384464263916, 0.33017298579216003, 0.26572179794311523, 0.26337894797325134, 0.2803596556186676, 0.3091849982738495, 0.3207346498966217, 0.3375025689601898, 0.2726622521877289, 0.3252789080142975, 0.31631699204444885, 0.28247544169425964, 0.29022902250289917, 0.29138511419296265, 0.30703169107437134, 0.2633739709854126, 