{"rouge1": 0.01651753069137232, "rouge2": 0.00013435374149659864, "rougeL": 0.015360118954798082, "rougeLsum": 0.01553628199227786}