{"bleu": 0.004892545227229173, "precisions": [0.090012793696566, 0.010939379727993801, 0.0016174272669573942, 0.0003597639948193985], "brevity_penalty": 1.0, "length_ratio": 4.961011484988918, "translation_length": 98486, "reference_length": 19852}