{"mean_score": 0.5958805714547634, "scores": [0.5239777565002441, 0.6073897480964661, 0.6306106448173523, 0.6117900013923645, 0.6793517470359802, 0.6026854515075684, 0.5774031281471252, 0.6017400622367859, 0.46400532126426697, 0.6693581938743591, 0.4926225543022156, 0.6588731408119202, 0.6507156491279602, 0.6009703874588013, 0.6429654955863953, 0.5471206903457642, 0.6694195866584778, 0.47346267104148865, 0.5356306433677673, 0.5574509501457214, 0.613681972026825, 0.4676085412502289, 0.6306795477867126, 0.6143755316734314, 0.5584547519683838, 0.6459582448005676, 0.6397067904472351, 0.5749022960662842, 0.6357472538948059, 0.6478076577186584, 0.6098794341087341, 0.6126264929771423, 0.6480299830436707, 0.6333624720573425, 0.6843710541725159, 0.5854354500770569, 0.5872851610183716, 0.6977373957633972, 0.5238766074180603, 0.634448230266571, 0.47040221095085144, 0.6234065294265747, 0.5243073105812073, 0.472268283367157, 0.5060514807701111, 0.5432206988334656, 0.48559415340423584, 0.6665610671043396, 0.605810821056366, 0.598568856716156, 0.47278469800949097, 0.5501816868782043, 0.5952827334403992, 0.6474776864051819, 0.6593305468559265, 0.716418981552124, 0.4714876413345337, 0.5161135196685791, 0.6996279358863831, 0.6432151794433594, 0.5773178935050964, 0.6313589215278625, 0.5553592443466187, 0.5582150220870972, 0.5743493437767029, 0.47164371609687805, 0.5668585896492004, 0.6109764575958252, 0.5942387580871582, 0.6161810755729675, 0.6180975437164307, 0.6216862201690674, 0.4650202989578247, 0.6200157999992371, 0.6217085123062134, 0.663389265537262, 0.5688276886940002, 0.6671789288520813, 0.5772310495376587, 0.5016128420829773, 0.6507619023323059, 0.6370518803596497, 0.5320062041282654, 0.6122135519981384, 0.7074398398399353, 0.5883893966674805, 0.6197551488876343, 0.6059785485267639, 0.6360784769058228, 0.6801738142967224, 0.6562632918357849, 0.6327621936798096, 0.6401314735412598, 0.6104481816291809, 0.470041424036026, 0.42659512162208557, 0.48814183473587036, 0.6487385034561157, 0.6578816771507263, 0.5470629930496216, 0.5370969176292419, 0.68461012840271, 0.6541983485221863, 0.6281750202178955, 0.5253824591636658, 0.6694503426551819, 0.5421161651611328, 0.5771573185920715, 0.5469276309013367, 0.608951985836029, 0.575737714767456, 0.6659573316574097, 0.6117298007011414, 0.6828393936157227, 0.6892501711845398, 0.45221182703971863, 0.6416522860527039, 0.5733568072319031, 0.6014766693115234, 0.6120029091835022, 0.5028313398361206, 0.5806300044059753, 0.6049303412437439, 0.5742411613464355, 0.5969253182411194, 0.5635301470756531, 0.597515881061554, 0.6242141723632812, 0.6667183041572571, 0.6498333215713501, 0.5915616750717163, 0.5825120806694031, 0.5062801837921143, 0.6502113342285156, 0.5993173718452454, 0.5767648816108704, 0.5786270499229431, 0.5875860452651978, 0.5990033149719238, 0.589026153087616, 0.4991495907306671, 0.5150794386863708, 0.6903001070022583, 0.6102544665336609, 0.6660565733909607, 0.5841535329818726, 0.5610992312431335, 0.5495996475219727, 0.6186894774436951, 0.673121988773346, 0.5447480082511902, 0.6407364010810852, 0.5671521425247192, 0.4600795805454254, 0.6524067521095276, 0.6186290383338928, 0.5844309329986572, 0.648716151714325, 0.6441547870635986, 0.5578676462173462, 0.644749104976654, 0.6239162683486938, 0.6407333612442017, 0.584080696105957, 0.5642701983451843, 0.6430770754814148, 0.6042566895484924, 0.6485437750816345, 0.606185793876648, 0.6122015118598938, 0.5975289344787598, 0.5343770980834961, 0.6458990573883057, 0.6498599648475647, 0.4287334382534027, 0.7328771948814392, 0.6295911073684692, 0.6979646682739258, 0.5735749006271362, 0.5374584794044495, 0.7056128978729248, 0.5909930467605591, 0.581663191318512, 0.6729313135147095, 0.6561064124107361, 0.5511876344680786, 0.5590543150901794, 0.563204288482666, 0.5427870154380798, 0.5648490786552429, 0.6894163489341736, 0.6078534722328186, 0.615853488445282, 0.6678531169891357, 0.5231778025627136, 0.6927319169044495, 0.7112577557563782, 0.6770232915878296, 0.6341953277587891, 0.6239573359489441, 0.6644630432128906, 0.5276595950126648, 0.6888595819473267, 0.5928253531455994, 0.6319913268089294, 0.6280279159545898, 0.5874812006950378, 0.5468655824661255, 0.5703744888305664, 0.5745959281921387, 0.445216566324234, 0.6533342599868774, 0.5321137309074402, 0.5995858311653137, 0.6094379425048828, 0.6432310938835144, 0.6026058793067932, 0.5824687480926514, 0.7134900093078613, 0.48933449387550354, 0.6274377703666687, 0.6095883250236511, 0.596781313419342, 0.7074174284934998, 0.6128960251808167, 0.555425226688385, 0.5533339381217957, 0.6146008968353271, 0.6300153136253357, 0.6120080947875977, 0.4920816719532013, 0.6343924403190613, 0.6132736206054688, 0.5870714783668518, 0.5903095602989197, 0.5946739315986633, 0.5980692505836487, 0.6225142478942871, 0.5756076574325562, 0.5570760369300842, 0.6344506144523621, 0.6539897322654724, 0.6294786334037781, 0.5941983461380005, 0.4811800420284271, 0.49895671010017395, 0.5157220959663391, 0.6280699372291565, 0.5958816409111023, 0.5852668285369873, 0.6830667853355408, 0.6195980906486511, 0.5568482279777527, 0.5859194397926331, 0.6618933081626892, 0.6494749784469604, 0.5793418884277344, 0.6705494523048401, 0.6503934264183044, 0.6531265377998352, 0.5618962645530701, 0.5329790115356445, 0.5753408074378967, 0.5157080292701721, 0.6270999312400818, 0.6110541224479675, 0.609711229801178, 0.5372860431671143, 0.5569148659706116, 0.6080382466316223, 0.6656203866004944, 0.594535768032074, 0.578428328037262, 0.5383337736129761, 0.5902954339981079, 0.6615319848060608, 0.674035370349884, 0.683411180973053, 0.6486926674842834, 0.591841459274292, 0.6398840546607971, 0.642543375492096, 0.5926445722579956, 0.5760526061058044, 0.529561460018158, 0.5578478574752808, 0.6448724865913391, 0.6790577173233032, 0.6986457705497742, 0.6589871048927307, 0.5595410466194153, 0.521508514881134, 0.40679270029067993, 0.6108292937278748, 0.5597861409187317, 0.7161412239074707, 0.583998441696167, 0.6630358099937439, 0.5388614535331726, 0.6116845607757568, 0.6102498173713684, 0.5945386290550232, 0.5476595163345337, 0.4088015556335449, 0.4014638364315033, 0.5775970816612244, 0.6133275032043457, 0.5127804279327393, 0.543799102306366, 0.5681583285331726, 0.43636688590049744, 0.5665238499641418, 0.6026667952537537, 0.5831630825996399, 0.6000058054924011, 0.39506208896636963, 0.6497109532356262, 0.5975756049156189, 0.6038976907730103, 0.6222923398017883, 0.5627536177635193, 0.6499647498130798, 0.6398281455039978, 0.6602723598480225, 0.5687181949615479, 0.6557580828666687, 0.5030260682106018, 0.6342817544937134, 0.6473848223686218, 0.6048598885536194, 0.6169047951698303, 0.5032204389572144, 0.5843032598495483, 0.6561403870582581, 0.6036807298660278, 0.46538254618644714, 0.6731860041618347, 0.5608245730400085, 0.6082385182380676, 0.6518953442573547, 0.720780074596405, 0.6805343627929688, 0.5574134588241577, 0.6206623315811157, 0.6178721785545349, 0.5388962030410767, 0.5783213973045349, 0.5216929316520691, 0.5900619029998779, 0.6472319960594177, 0.604243814945221, 0.5751535892486572, 0.5491116642951965, 0.6311855912208557, 0.45077723264694214, 0.5353508591651917, 0.6331151723861694, 0.49851325154304504, 0.6834337711334229, 0.634033203125, 0.5187036395072937, 0.49154651165008545, 0.6126797199249268, 0.5722176432609558, 0.5761502981185913, 0.5592061281204224, 0.6362622380256653, 0.6077354550361633, 0.6536257266998291, 0.6129041314125061, 0.5510970950126648, 0.6056784987449646, 0.5869162678718567, 0.6181171536445618, 0.5676706433296204, 0.5839808583259583, 0.6122525930404663, 0.624259889125824, 0.6142511963844299, 0.6799136996269226, 0.5507838129997253, 0.5024929642677307, 0.6000383496284485, 0.622898519039154, 0.6268407106399536, 0.7023617625236511, 0.654424786567688, 0.6351746320724487, 0.6637024283409119, 0.7148928642272949, 0.526725709438324, 0.6013174057006836, 0.5787011384963989, 0.6113365292549133, 0.5180385112762451, 0.5594109296798706, 0.6444756984710693, 0.5506612658500671, 0.4584365487098694, 