{"rouge1": 0.13738541123602194, "rouge2": 0.019176525534890305, "rougeL": 0.08692796310397805, "rougeLsum": 0.10788619926574496}