{"mean_score": 0.31429530698806046, "scores": [0.3132738769054413, 0.2912512719631195, 0.296244353055954, 0.2897993326187134, 0.26459696888923645, 0.27641239762306213, 0.3408360481262207, 0.32750579714775085, 0.414876788854599, 0.28374141454696655, 0.35644325613975525, 0.27288925647735596, 0.2789504826068878, 0.31485190987586975, 0.3357471227645874, 0.3246884346008301, 0.2804008424282074, 0.3601597845554352, 0.30459359288215637, 0.33303943276405334, 0.3220588266849518, 0.4145229160785675, 0.2954185903072357, 0.38303205370903015, 0.37525227665901184, 0.26114168763160706, 0.28479698300361633, 0.3117542564868927, 0.26812055706977844, 0.30292990803718567, 0.30576038360595703, 0.2963412404060364, 0.3261720538139343, 0.29764994978904724, 0.31876808404922485, 0.37753573060035706, 0.26793885231018066, 0.2934023439884186, 0.3694763481616974, 0.26920709013938904, 0.32295748591423035, 0.3212633430957794, 0.44634759426116943, 0.3223158121109009, 0.40758100152015686, 0.30211225152015686, 0.38306093215942383, 0.29636263847351074, 0.33544519543647766, 0.33359989523887634, 0.2918078899383545, 0.31892576813697815, 0.29526472091674805, 0.2736200988292694, 0.30894458293914795, 0.29010269045829773, 0.5024722218513489, 0.36205706000328064, 0.2969892621040344, 0.29749199748039246, 0.32821008563041687, 0.26987990736961365, 0.26004427671432495, 0.25877371430397034, 0.27580526471138, 0.4257960319519043, 0.2892599403858185, 0.306435227394104, 0.3184933364391327, 0.29450365900993347, 0.357208788394928, 0.2791273891925812, 0.387642502784729, 0.28373900055885315, 0.30661776661872864, 0.3969741761684418, 0.43343520164489746, 0.27631548047065735, 0.33643677830696106, 0.30332839488983154, 0.3409979045391083, 0.29328832030296326, 0.36874938011169434, 0.2931405305862427, 0.2979587912559509, 0.29370665550231934, 0.3552626073360443, 0.28683629631996155, 0.31449204683303833, 0.3030974864959717, 0.28863176703453064, 0.2858906686306, 0.2948094308376312, 0.3252962827682495, 0.45650655031204224, 0.5303091406822205, 0.27064570784568787, 0.2599203288555145, 0.3080398142337799, 0.3309117257595062, 0.2989892065525055, 0.31629329919815063, 0.2787839472293854, 0.3424486517906189, 0.40650495886802673, 0.346516877412796, 0.34822046756744385, 0.27102547883987427, 0.2932868003845215, 0.3255586326122284, 0.3249720633029938, 0.3015178442001343, 0.34657183289527893, 0.3018070161342621, 0.2972319424152374, 0.4067463278770447, 0.27130234241485596, 0.3581899106502533, 0.33311212062835693, 0.3170376121997833, 0.417190819978714, 0.3229086697101593, 0.2844248116016388, 0.34018436074256897, 0.313039094209671, 0.2826143801212311, 0.2857253849506378, 0.2925439476966858, 0.29082173109054565, 0.37582406401634216, 0.28983697295188904, 0.3333653509616852, 0.29820987582206726, 0.26953384280204773, 0.30811241269111633, 0.3088590204715729, 0.2499801516532898, 0.29705002903938293, 0.30567294359207153, 0.30597034096717834, 0.29022327065467834, 0.315463662147522, 0.2825259864330292, 0.2848046123981476, 0.30193403363227844, 0.3337612450122833, 0.3386620581150055, 0.34591442346572876, 0.2707550823688507, 0.28035297989845276, 0.3589538633823395, 0.3322528600692749, 0.31711241602897644, 0.4401486814022064, 0.27648818492889404, 0.3300975263118744, 0.3133333921432495, 0.30940112471580505, 0.28765779733657837, 0.2873990833759308, 0.3002129793167114, 0.28470006585121155, 0.3028271198272705, 0.3600353002548218, 0.30097493529319763, 0.26994022727012634, 0.3020898103713989, 0.3394894301891327, 0.2965085804462433, 0.26410484313964844, 0.3321683406829834, 0.29418179392814636, 0.2999831736087799, 0.35410746932029724, 0.2533518075942993, 0.28503599762916565, 0.31534305214881897, 0.3060372769832611, 0.3501681983470917, 0.3858301639556885, 0.2838667631149292, 0.3050014078617096, 0.29128819704055786, 0.27843180298805237, 0.30806460976600647, 0.27664998173713684, 0.3537044823169708, 0.31710389256477356, 0.26110342144966125, 0.27897483110427856, 0.33978956937789917, 0.3341625928878784, 0.3508203327655792, 0.3130376636981964, 0.3322361409664154, 0.28433963656425476, 0.29749763011932373, 0.27996140718460083, 0.3348557651042938, 0.27267834544181824, 0.30952563881874084, 0.4130140244960785, 0.29768431186676025, 0.3130123019218445, 0.2782001793384552, 0.2790326178073883, 0.28503289818763733, 0.3256705403327942, 0.28006282448768616, 0.2763032913208008, 0.33743181824684143, 0.28635451197624207, 0.3309571146965027, 0.24934881925582886, 0.3407805860042572, 0.2843243479728699, 0.359502375125885, 0.29666489362716675, 0.27464759349823, 0.27349916100502014, 0.28757813572883606, 0.3349890410900116, 0.366375595331192, 0.3083084523677826, 0.32024264335632324, 0.29406479001045227, 0.3551010489463806, 0.28723692893981934, 0.2692800462245941, 0.3011111915111542, 0.4250149428844452, 0.3261302709579468, 0.337687224149704, 0.32533517479896545, 0.274515837430954, 0.29429537057876587, 0.27472352981567383, 0.3299682140350342, 0.3209437429904938, 0.334033340215683, 0.28150609135627747, 0.29684725403785706, 0.32612892985343933, 0.2964288890361786, 0.3362937867641449, 0.38459154963493347, 0.2714311480522156, 0.28080835938453674, 0.2875649034976959, 0.3340049088001251, 0.29640233516693115, 0.2522721290588379, 0.26976749300956726, 0.3096201419830322, 0.3103641867637634, 0.26182374358177185, 0.285834938287735, 0.2920757830142975, 0.2906247079372406, 0.3329731225967407, 0.33494970202445984, 0.2875652611255646, 0.3025616705417633, 0.26921647787094116, 0.28176745772361755, 0.30882522463798523, 0.24265320599079132, 0.32088199257850647, 0.2928842008113861, 0.30383631587028503, 0.2720303237438202, 0.2933391034603119, 0.27802982926368713, 0.2593419551849365, 0.3153047263622284, 0.28818318247795105, 0.36060938239097595, 0.28367847204208374, 0.32668155431747437, 0.33433541655540466, 0.28594541549682617, 0.31637051701545715, 0.2980920970439911, 0.26949480175971985, 0.2977472245693207, 0.29618945717811584, 0.2595812678337097, 0.31128308176994324, 0.25731199979782104, 0.31658223271369934, 0.29636964201927185, 0.3419555723667145, 0.3643430769443512, 0.33022674918174744, 0.31995394825935364, 0.29658469557762146, 0.3441244661808014, 0.284578800201416, 0.2819747030735016, 0.3245782256126404, 0.33845990896224976, 0.30668339133262634, 0.3862161636352539, 0.34065088629722595, 0.32298576831817627, 0.2626993954181671, 0.28910914063453674, 0.38180050253868103, 0.3247683644294739, 0.28587067127227783, 0.35354143381118774, 0.35045289993286133, 0.3729443848133087, 0.3611695170402527, 0.25488224625587463, 0.9426576495170593, 0.345291405916214, 0.28773367404937744, 0.336405485868454, 0.2604302167892456, 0.33292028307914734, 0.3640987277030945, 0.3182511031627655, 0.28981301188468933, 0.2688865065574646, 0.27379846572875977, 0.36435166001319885, 0.2721500098705292, 0.2961089015007019, 0.27794358134269714, 0.29675978422164917, 0.3185041546821594, 0.2995525300502777, 0.29430267214775085, 0.42461249232292175, 0.34190770983695984, 0.30185046792030334, 0.34694257378578186, 0.33443886041641235, 0.29884612560272217, 0.27985483407974243, 0.276292622089386, 0.26645421981811523, 0.2982496917247772, 0.31657537817955017, 0.3477378189563751, 0.31602901220321655, 0.3048340976238251, 0.30764710903167725, 0.30320921540260315, 0.29043760895729065, 0.28697726130485535, 0.3116677701473236, 0.303049772977829, 0.3312508761882782, 0.2854270935058594, 0.3211432993412018, 0.37884679436683655, 0.2711043357849121, 0.256529301404953, 0.31702253222465515, 0.3110640347003937, 0.28025612235069275, 0.2655296325683594, 0.30603843927383423, 0.37428852915763855, 0.28607305884361267, 0.32255297899246216, 0.28157734870910645, 0.3139098882675171, 0.3229402005672455, 0.31192639470100403, 0.3065725862979889, 0.2626732289791107, 0.3511215150356293, 0.3301730155944824, 0.26572129130363464, 0.28167659044265747, 0.29128211736679077, 0.3338654637336731, 0.32073459029197693, 0.3507770001888275, 0.2726621925830841, 0.25373318791389465, 0.31631705164909363, 0.30522027611732483, 0.29022908210754395, 0.29138511419296265, 0.3070322871208191, 