{"rouge1": 0.02114605360889145, "rouge2": 0.0002459499263622975, "rougeL": 0.020832569110346272, "rougeLsum": 0.020886034503915046}