{"bleu": 0.005441519523578798, "precisions": [0.1947565543071161, 0.015965008201202842, 0.0015650326980045832, 0.00022863675335810233], "brevity_penalty": 0.9421878936731353, "length_ratio": 0.943796394485684, "translation_length": 18690, "reference_length": 19803}