{"mean_score": 0.5403740271925926, "scores": [0.6207022070884705, 0.4380035996437073, 0.5023860335350037, 0.4298671782016754, 0.6459657549858093, 0.3622104525566101, 0.6671578884124756, 0.32198163866996765, 0.5020525455474854, 0.5642388463020325, 0.5019877552986145, 0.4654267132282257, 0.5663446187973022, 0.592282235622406, 0.6178764700889587, 0.591860830783844, 0.5457229018211365, 0.5692400336265564, 0.4851602017879486, 0.6329306960105896, 0.5818624496459961, 0.5923409461975098, 0.5435879826545715, 0.3734724521636963, 0.49103471636772156, 0.680752694606781, 0.4633704721927643, 0.5588767528533936, 0.5340731143951416, 0.5290290117263794, 0.5292245149612427, 0.5145506262779236, 0.47264015674591064, 0.6434661149978638, 0.510145366191864, 0.5176152586936951, 0.41149452328681946, 0.5453665852546692, 0.5494765639305115, 0.7107093930244446, 0.5353673100471497, 0.49619993567466736, 0.4752737581729889, 0.6493846774101257, 0.5238507390022278, 0.663694441318512, 0.5376017689704895, 0.573583722114563, 0.6256324648857117, 0.4533909559249878, 0.5712554454803467, 0.6066331267356873, 0.5411015152931213, 0.5272166132926941, 0.6524221301078796, 0.6327000856399536, 0.6089556813240051, 0.6202444434165955, 0.5637556314468384, 0.4315524995326996, 0.4330344796180725, 0.5673360228538513, 0.6097436547279358, 0.5672231912612915, 0.6603807210922241, 0.45482897758483887, 0.5568624138832092, 0.5394402146339417, 0.48952430486679077, 0.5352329611778259, 0.5140290260314941, 0.5351988077163696, 0.5121316909790039, 0.5736013054847717, 0.55230313539505, 0.6462644934654236, 0.4332304894924164, 0.6220137476921082, 0.5497520565986633, 0.6281755566596985, 0.49926891922950745, 0.6781967878341675, 0.4054560661315918, 0.559449315071106, 0.4429146945476532, 0.37327486276626587, 0.586672842502594, 0.5516802072525024, 0.6287562251091003, 0.3508051335811615, 0.6777817606925964, 0.6981871724128723, 0.5492748022079468, 0.4922788143157959, 0.6321799159049988, 0.5724934935569763, 0.39568081498146057, 0.5312688946723938, 0.5362046360969543, 0.567392885684967, 0.6704983115196228, 0.5556444525718689, 0.5425868630409241, 0.5607410073280334, 0.5025590062141418, 0.4906906187534332, 0.7077428698539734, 0.5530088543891907, 0.37957242131233215, 0.5622828006744385, 0.5925077795982361, 0.527987539768219, 0.6378104090690613, 0.6037492752075195, 0.6535564064979553, 0.58805912733078, 0.37850484251976013, 0.509133517742157, 0.5442952513694763, 0.6280293464660645, 0.42000359296798706, 0.5624073147773743, 0.4628566801548004, 0.52558833360672, 0.7010092735290527, 0.5518162250518799, 0.44003117084503174, 0.4352585971355438, 0.5725659132003784, 0.5757877230644226, 0.5733146667480469, 0.4484533965587616, 0.5003039836883545, 0.4823715090751648, 0.4008468687534332, 0.5385807156562805, 0.5432345867156982, 0.4142366349697113, 0.5152103304862976, 0.5305249094963074, 0.634676992893219, 0.5306695103645325, 0.5043624639511108, 0.43224287033081055, 0.4723302721977234, 0.6510595679283142, 0.5261464715003967, 0.4883289635181427, 0.48596662282943726, 0.5306640863418579, 0.6130790710449219, 0.5657778382301331, 0.6306531429290771, 0.5976479053497314, 0.43123382329940796, 0.49320194125175476, 0.5431790351867676, 0.5567454099655151, 0.5849924683570862, 0.6949244141578674, 0.5897140502929688, 0.4568391740322113, 0.5678711533546448, 0.5668604969978333, 0.41690757870674133, 0.5363929867744446, 0.5386043787002563, 0.5267213582992554, 0.42200183868408203, 0.5546689629554749, 0.5504571199417114, 0.5686350464820862, 0.5447943806648254, 0.5944271683692932, 0.6469972729682922, 0.618675708770752, 0.5129991173744202, 0.4995441734790802, 0.5506832599639893, 0.486876904964447, 0.5351095199584961, 0.5030524134635925, 0.31023964285850525, 0.6316835880279541, 0.7155616879463196, 0.5508721470832825, 0.5032277703285217, 0.607721209526062, 0.4939271807670593, 0.48405298590660095, 0.5617594718933105, 0.6091312170028687, 0.6191762089729309, 0.5266398787498474, 0.6209083795547485, 0.6103470325469971, 0.6023605465888977, 0.5007898211479187, 0.47052863240242004, 0.5373709797859192, 0.4769733250141144, 0.5479366183280945, 0.5801685452461243, 0.5608181357383728, 0.3972695469856262, 0.6261268854141235, 0.5621991157531738, 0.5868905186653137, 0.499580055475235, 0.5806405544281006, 0.5260457396507263, 0.5554246306419373, 0.40306833386421204, 0.5547016263008118, 0.29856809973716736, 0.5464186072349548, 0.4427010118961334, 0.5770803689956665, 0.577793300151825, 0.46831631660461426, 0.5881561636924744, 0.5599397420883179, 0.644734263420105, 0.5378488302230835, 0.3751961290836334, 0.6436877846717834, 0.5402420163154602, 0.5786203742027283, 0.4994319975376129, 0.40861865878105164, 0.5447259545326233, 0.5860175490379333, 0.5691657066345215, 0.6694439053535461, 0.5648391246795654, 0.6667538285255432, 0.6748022437095642, 0.5784114003181458, 0.5355982780456543, 0.5639374852180481, 0.6016066670417786, 0.592839777469635, 0.48369714617729187, 0.4969750940799713, 0.453961044549942, 0.5333083271980286, 0.5575334429740906, 0.5721637606620789, 0.6474015116691589, 0.568964421749115, 0.5200895667076111, 0.6078441739082336, 0.4608105719089508, 0.595224142074585, 0.5098516941070557, 0.5150688886642456, 0.5853307247161865, 0.6046796441078186, 0.6516202092170715, 0.535178005695343, 0.5016456842422485, 0.5299002528190613, 0.6158690452575684, 0.6075063347816467, 0.6216483116149902, 0.4019210934638977, 0.5466344356536865, 0.4139869809150696, 0.4551534354686737, 0.5093288421630859, 0.6226590275764465, 0.3813680112361908, 0.5416722297668457, 0.6476643681526184, 0.6483739614486694, 0.5709231495857239, 0.5257408022880554, 0.6600568294525146, 0.44586750864982605, 0.5017173290252686, 0.5659982562065125, 0.5932247638702393, 0.5453831553459167, 0.4799506962299347, 0.6107915043830872, 0.5328657031059265, 0.6137130856513977, 0.570609986782074, 0.43942347168922424, 0.4169418513774872, 0.6739044189453125, 0.39253708720207214, 0.3798736035823822, 0.6263478398323059, 0.47814449667930603, 0.6207017302513123, 0.503068208694458, 0.5653435587882996, 0.5780274271965027, 0.5500043034553528, 0.4494335353374481, 0.5101414322853088, 0.49919113516807556, 0.5834174752235413, 0.5292871594429016, 0.4935465157032013, 0.5781456828117371, 0.5450720191001892, 0.5960495471954346, 0.5437912940979004, 0.5679624676704407, 0.607780933380127, 0.5326834321022034, 0.4259909689426422, 0.4547796845436096, 0.5797146558761597, 0.5486852526664734, 0.2649153172969818, 0.5998362898826599, 0.4715435802936554, 0.5938071608543396, 0.6635878682136536, 0.47667786478996277, 0.6129440069198608, 0.42455074191093445, 0.6976575255393982, 0.5613840818405151, 0.5278509855270386, 0.5341505408287048, 0.5435811281204224, 0.5398356318473816, 0.5628086924552917, 0.4859611690044403, 0.5628922581672668, 0.5213176012039185, 0.5931075215339661, 0.6461315155029297, 0.618292510509491, 0.38550910353660583, 0.4963374435901642, 0.48964908719062805, 0.5130591988563538, 0.4964940845966339, 0.6295726895332336, 0.5032220482826233, 0.48299872875213623, 0.5719775557518005, 0.5447688698768616, 0.4988464415073395, 0.5069281458854675, 0.5719029307365417, 0.6114514470100403, 0.5446084141731262, 0.6036937236785889, 0.5509514212608337, 0.5523264408111572, 0.4990311563014984, 0.5215954780578613, 0.45166224241256714, 0.3564184904098511, 0.3930540978908539, 0.5181353688240051, 0.48671188950538635, 0.5884432196617126, 0.619562566280365, 0.4952050745487213, 0.5356441140174866, 0.5843073725700378, 0.4506869614124298, 0.5846303105354309, 0.5548486113548279, 0.4877593219280243, 0.47616150975227356, 0.6000085473060608, 0.41766175627708435, 0.6303033232688904, 0.5017067790031433, 0.5590947270393372, 0.6002287268638611, 0.47445735335350037, 0.46595636010169983, 0.40981078147888184, 0.5105761289596558, 0.5901582837104797, 0.5415578484535217, 0.5354396104812622, 0.5933046936988831, 0.5514242053031921, 0.5229636430740356, 0.6456489562988281, 0.662846028804779, 0.5722574591636658, 0.6234967708587646, 0.45271703600883484, 0.3703586757183075, 0.6555401086807251, 0.6636998057365417, 