{"rouge1": 0.16135212576693753, "rouge2": 0.013715219984418877, "rougeL": 0.11212607327833438, "rougeLsum": 0.11980912013429841}