{"bleu": 0.003430031205139947, "precisions": [0.08662786043479752, 0.007938605057270544, 0.0010849116489502902, 0.00018552230325939498], "brevity_penalty": 1.0, "length_ratio": 4.404745113842434, "translation_length": 87443, "reference_length": 19852}