{"mean_score": 0.5833371244370937, "scores": [0.5176114439964294, 0.5582140684127808, 0.5990762114524841, 0.6151329874992371, 0.5920127034187317, 0.4886653423309326, 0.5138763189315796, 0.6058453917503357, 0.4596310555934906, 0.6202027201652527, 0.5127629041671753, 0.6260917782783508, 0.6603173613548279, 0.6077813506126404, 0.6281837224960327, 0.48396962881088257, 0.6104414463043213, 0.49982497096061707, 0.5258010625839233, 0.5600398182868958, 0.6116845607757568, 0.4292133152484894, 0.5766397714614868, 0.5921587944030762, 0.5939647555351257, 0.5861382484436035, 0.5692735314369202, 0.5750848650932312, 0.6210699081420898, 0.6256619691848755, 0.6322482824325562, 0.5896992087364197, 0.6488546133041382, 0.5955865979194641, 0.6784201860427856, 0.5625896453857422, 0.6142838001251221, 0.6447785496711731, 0.5892395377159119, 0.6415249705314636, 0.47349560260772705, 0.5941277742385864, 0.542487621307373, 0.46905946731567383, 0.54523104429245, 0.5890709757804871, 0.49581649899482727, 0.6395473480224609, 0.6153214573860168, 0.5796938538551331, 0.525399386882782, 0.5626243352890015, 0.5942708849906921, 0.6016656756401062, 0.6779367923736572, 0.7205817103385925, 0.4614030420780182, 0.5529580116271973, 0.5994076728820801, 0.609861433506012, 0.5846606492996216, 0.5781431794166565, 0.5807453393936157, 0.5746851563453674, 0.5463785529136658, 0.4560869336128235, 0.5277937650680542, 0.5887517333030701, 0.5376211404800415, 0.5999096632003784, 0.6497843265533447, 0.6091742515563965, 0.4781481623649597, 0.5840567946434021, 0.6332842111587524, 0.6059187650680542, 0.5592908263206482, 0.6413816809654236, 0.6182188987731934, 0.5415318608283997, 0.5935226678848267, 0.610759973526001, 0.5257635712623596, 0.6236567497253418, 0.6221906542778015, 0.5809609293937683, 0.5923988819122314, 0.6114079356193542, 0.5971479415893555, 0.6657986044883728, 0.5964283347129822, 0.6323676109313965, 0.6414949893951416, 0.591195285320282, 0.47946101427078247, 0.46664664149284363, 0.4703061282634735, 0.6144563555717468, 0.7001771330833435, 0.6161026358604431, 0.5179616212844849, 0.6468151211738586, 0.6031233668327332, 0.6339705586433411, 0.5500501394271851, 0.5928105115890503, 0.5862258672714233, 0.6141725778579712, 0.47555485367774963, 0.6261386871337891, 0.5384940505027771, 0.6139854192733765, 0.5876218676567078, 0.6132347583770752, 0.7051820755004883, 0.4458940625190735, 0.5531270503997803, 0.6146710515022278, 0.6000350713729858, 0.5991000533103943, 0.5082961916923523, 0.525844931602478, 0.631844699382782, 0.5588833093643188, 0.5330265164375305, 0.6041172742843628, 0.5313178300857544, 0.5671447515487671, 0.6253909468650818, 0.6316063404083252, 0.5820765495300293, 0.6010954976081848, 0.566746175289154, 0.6286899447441101, 0.6422874331474304, 0.5866733193397522, 0.557847261428833, 0.5212189555168152, 0.6205902695655823, 0.5301836729049683, 0.48334893584251404, 0.5301471948623657, 0.6431970000267029, 0.5386479496955872, 0.6192038655281067, 0.6006489396095276, 0.5709303021430969, 0.5246345400810242, 0.614133358001709, 0.6446108222007751, 0.5368032455444336, 0.6447299718856812, 0.5493630170822144, 0.4565984010696411, 0.6432703137397766, 0.6090563535690308, 0.5497201681137085, 0.5607907176017761, 0.7060952186584473, 0.5883074998855591, 0.5556421279907227, 0.6130563020706177, 0.5528684854507446, 0.6181844472885132, 0.5638751983642578, 0.6410170793533325, 0.5840891003608704, 0.6766273975372314, 0.5997139811515808, 0.5565784573554993, 0.5809914469718933, 0.5481312870979309, 0.6337705850601196, 0.6517658829689026, 0.43218109011650085, 0.6121179461479187, 0.5790690779685974, 0.6635977625846863, 0.5782642960548401, 0.5950378179550171, 0.6530907154083252, 0.546729326248169, 0.5725638270378113, 0.6076610684394836, 0.6151320934295654, 0.5872179865837097, 0.5412520170211792, 0.6149007678031921, 0.5560840368270874, 0.5833462476730347, 0.658713698387146, 0.5759098529815674, 0.6276130080223083, 0.6572731137275696, 0.5751217603683472, 0.6113751530647278, 0.6144479513168335, 0.642325758934021, 0.632743775844574, 0.6456961035728455, 0.6552049517631531, 0.5093662142753601, 0.6619839072227478, 0.6282916069030762, 0.573756217956543, 0.5220633745193481, 0.5929774641990662, 0.5379592776298523, 0.586444616317749, 0.5686545968055725, 0.4448660612106323, 0.5994088649749756, 0.5792011022567749, 0.6511165499687195, 0.6204360723495483, 0.6086775064468384, 0.5816158056259155, 0.5780149698257446, 0.6769416332244873, 0.5461255311965942, 0.6236289143562317, 0.592143177986145, 0.560504138469696, 0.6583914160728455, 0.5899304747581482, 0.5715029239654541, 0.5938249230384827, 0.6724715828895569, 0.6573184132575989, 0.6302499771118164, 0.4963665306568146, 0.5811428427696228, 0.6657811999320984, 0.5963142514228821, 0.5665290951728821, 0.5746199488639832, 0.6024566292762756, 0.6134316921234131, 0.6264819502830505, 0.5262132287025452, 0.608493983745575, 0.5772128701210022, 0.575786828994751, 0.5943710207939148, 0.47365328669548035, 0.5267415046691895, 0.5250155925750732, 0.6228049993515015, 0.6062367558479309, 0.609836995601654, 0.5990580320358276, 0.6327634453773499, 0.5772693753242493, 0.5436854362487793, 0.6280459761619568, 0.6348198652267456, 0.6050083637237549, 0.627439558506012, 0.6531355977058411, 0.6078293919563293, 0.514999270439148, 0.5414351224899292, 0.6082689166069031, 0.5907515287399292, 0.6166374087333679, 0.5790697336196899, 0.6029949188232422, 0.5397949814796448, 0.5456139445304871, 0.5498084425926208, 0.6598730683326721, 0.6025333404541016, 0.5685089230537415, 0.44654491543769836, 0.5677022337913513, 0.619056761264801, 0.676237165927887, 0.661033034324646, 0.6201168894767761, 0.5343425869941711, 0.5709463357925415, 0.6350740194320679, 0.5187556147575378, 0.5587579011917114, 0.4936979413032532, 0.5432242751121521, 0.6111965179443359, 0.6724275350570679, 0.6614643335342407, 0.6240172982215881, 0.5873561501502991, 0.45828160643577576, 0.4033574163913727, 0.6247099041938782, 0.5466404557228088, 0.6874783635139465, 0.6129470467567444, 0.620814323425293, 0.5522691011428833, 0.6296049952507019, 0.6004948019981384, 0.5622045397758484, 0.502082347869873, 0.418329656124115, 0.44864752888679504, 0.5720270276069641, 0.5831562280654907, 0.5000671744346619, 0.5548628568649292, 0.5680130124092102, 0.404359370470047, 0.5699864625930786, 0.560752272605896, 0.5483745336532593, 0.5961230993270874, 0.447635680437088, 0.5857037305831909, 0.6203857660293579, 0.5782005190849304, 0.6121692061424255, 0.6265058517456055, 0.6349783539772034, 0.6063968539237976, 0.6541886925697327, 0.6409404873847961, 0.6637982726097107, 0.5530999302864075, 0.611650824546814, 0.6799103617668152, 0.6239258646965027, 0.6335604786872864, 0.49344608187675476, 0.6003667712211609, 0.6428486704826355, 0.5402101278305054, 0.43806537985801697, 0.6527323126792908, 0.5507016777992249, 0.5289492011070251, 0.6675574779510498, 0.7043278813362122, 0.639941930770874, 0.5829512476921082, 0.6209189295768738, 0.5738795399665833, 0.49609968066215515, 0.6024670004844666, 0.5863764882087708, 0.5569307208061218, 0.6787684559822083, 0.5418296456336975, 0.5816319584846497, 0.5428826212882996, 0.5879828333854675, 0.40474334359169006, 0.550298273563385, 0.5658502578735352, 0.4833192229270935, 0.6601037979125977, 0.6336284875869751, 0.5393131971359253, 0.527107298374176, 0.5345134735107422, 0.6120865345001221, 0.5655370950698853, 0.5619744658470154, 0.6503798961639404, 0.6532678008079529, 0.5779982805252075, 0.6208547353744507, 0.6099973320960999, 0.5794060826301575, 0.5391436219215393, 0.5887269377708435, 0.5707579851150513, 0.6017976999282837, 0.6078111529350281, 0.6134448647499084, 0.5565686821937561, 0.594035267829895, 0.5382166504859924, 0.5200691819190979, 0.6019250750541687, 0.648650050163269, 0.5591305494308472, 0.5933488011360168, 0.600030243396759, 0.5733456611633301, 0.6634508967399597, 0.5918862223625183, 0.5587701797485352, 0.5759075880050659, 0.5440619587898254, 0.577673077583313, 0.5144598484039307, 0.565701425075531, 0.6573330163955688, 0.5608386993408203, 0.4713413715362549,