{"rouge1": 0.12874223349145647, "rouge2": 0.012939985588136213, "rougeL": 0.08056405146801798, "rougeLsum": 0.09939354740142704}