{"bleu": 0.004618290787064498, "precisions": [0.1797352852702296, 0.01442750434871585, 0.0010966630111232962, 0.00015996587394689134], "brevity_penalty": 1.0, "length_ratio": 1.0047350392907515, "translation_length": 19946, "reference_length": 19852}