{"mean_score": 0.5349215339124203, "scores": [0.6016682982444763, 0.5112718939781189, 0.6123648881912231, 0.5725287199020386, 0.5098205208778381, 0.5028975009918213, 0.5186807513237, 0.5087642073631287, 0.4876340627670288, 0.5838121771812439, 0.5281205773353577, 0.38265159726142883, 0.6728423237800598, 0.5314377546310425, 0.5905097126960754, 0.4863904118537903, 0.534256100654602, 0.45537063479423523, 0.5926346182823181, 0.4987098276615143, 0.6499538421630859, 0.4176349639892578, 0.6213998198509216, 0.5327304601669312, 0.5104183554649353, 0.5738285183906555, 0.6001260876655579, 0.5285933613777161, 0.5070404410362244, 0.4940796196460724, 0.6220805048942566, 0.5306828022003174, 0.4509888291358948, 0.42595943808555603, 0.5919691920280457, 0.5669518113136292, 0.5787075161933899, 0.6733712553977966, 0.48567670583724976, 0.6227434277534485, 0.4685684144496918, 0.5736797451972961, 0.49946942925453186, 0.5379771590232849, 0.4640963077545166, 0.5631902813911438, 0.48484179377555847, 0.5564963817596436, 0.5850082039833069, 0.507554829120636, 0.5380747318267822, 0.46578893065452576, 0.6258741617202759, 0.426643967628479, 0.4434918165206909, 0.5481130480766296, 0.4426746666431427, 0.5259974598884583, 0.6758566498756409, 0.6215588450431824, 0.485345721244812, 0.6125698685646057, 0.578357458114624, 0.599431037902832, 0.6268666386604309, 0.5082141160964966, 0.4890091121196747, 0.6348553895950317, 0.5279398560523987, 0.3547284007072449, 0.6146906018257141, 0.3292415738105774, 0.468473345041275, 0.36239805817604065, 0.5503619909286499, 0.551551342010498, 0.5114733576774597, 0.4852128326892853, 0.6375758051872253, 0.3004523515701294, 0.5044494867324829, 0.5938539505004883, 0.4681367874145508, 0.3601323664188385, 0.622416615486145, 0.4449882209300995, 0.5905458331108093, 0.4945862591266632, 0.6607523560523987, 0.6836752891540527, 0.4139462113380432, 0.5543568730354309, 0.6782096028327942, 0.5636475682258606, 0.5206329226493835, 0.43414226174354553, 0.43289729952812195, 0.5742111802101135, 0.6883657574653625, 0.5934951305389404, 0.5391075015068054, 0.5036706328392029, 0.548983633518219, 0.5887694954872131, 0.5489122271537781, 0.5499097108840942, 0.5555495023727417, 0.6014956831932068, 0.6428858041763306, 0.5054721236228943, 0.5511770248413086, 0.5868242383003235, 0.5645924210548401, 0.6556592583656311, 0.4775608777999878, 0.416891485452652, 0.6387813687324524, 0.5590018033981323, 0.5723682045936584, 0.6147399544715881, 0.4480654001235962, 0.611346960067749, 0.5212840437889099, 0.5678128600120544, 0.5941197276115417, 0.48825937509536743, 0.298633337020874, 0.475198358297348, 0.4364743232727051, 0.5625466704368591, 0.7031757235527039, 0.6819018125534058, 0.3908021152019501, 0.48528072237968445, 0.5076819062232971, 0.6016612648963928, 0.6018128991127014, 0.5814806222915649, 0.5484179854393005, 0.5651466250419617, 0.47615471482276917, 0.5435716509819031, 0.5517498254776001, 0.4484769105911255, 0.507439136505127, 0.5805029273033142, 0.49991074204444885, 0.4571770131587982, 0.6157747507095337, 0.5212721824645996, 0.5698766112327576, 0.4858066141605377, 0.46160653233528137, 0.4359927475452423, 0.5917538404464722, 0.5952978730201721, 0.5915510654449463, 0.4742867052555084, 0.6594269871711731, 0.4837573766708374, 0.5678606629371643, 0.49456968903541565, 0.6305978894233704, 0.6095190644264221, 0.39813873171806335, 0.4475117623806, 0.6466673016548157, 0.5486515164375305, 0.6198046803474426, 0.4233153760433197, 0.546574056148529, 0.47519582509994507, 0.5567775368690491, 0.46179142594337463, 0.36207953095436096, 0.5672095417976379, 0.5144701600074768, 0.662264347076416, 0.563927948474884, 0.5499681830406189, 0.4863339364528656, 0.5739699006080627, 0.5300916433334351, 0.5027748346328735, 0.645775556564331, 0.5060499310493469, 0.5812230706214905, 0.5239028334617615, 0.5277121067047119, 0.5786616206169128, 0.6054241061210632, 0.5914933681488037, 0.627090334892273, 0.6119377613067627, 0.5843825340270996, 0.699219286441803, 0.6709758639335632, 0.6008300185203552, 0.5885829329490662, 0.45728057622909546, 0.6585279107093811, 0.5984342098236084, 0.6176537871360779, 0.4978416860103607, 0.5628340840339661, 0.5889495015144348, 0.5183876752853394, 0.5113109350204468, 0.47292885184288025, 0.5809102058410645, 0.47964411973953247, 0.61320561170578, 0.49955448508262634, 0.49138888716697693, 0.5278535485267639, 0.6240825057029724, 0.49506494402885437, 0.589347243309021, 0.4316869080066681, 0.4854666590690613, 0.4652736485004425, 0.5260176658630371, 0.5592098832130432, 0.5992304086685181, 0.563744306564331, 0.5846611261367798, 0.5762411952018738, 0.4985102713108063, 0.6717929244041443, 0.574458122253418, 0.44119659066200256, 0.5431028008460999, 0.4981864392757416, 0.46992674469947815, 0.5468010306358337, 0.5481371283531189, 0.5118933320045471, 0.5466648936271667, 0.6661064028739929, 0.6055415272712708, 0.5540894865989685, 0.7014778852462769, 0.5727527141571045, 0.551918089389801, 0.38592949509620667, 0.45664796233177185, 0.5080404281616211, 0.5581527948379517, 0.5956151485443115, 0.5444105863571167, 0.43856462836265564, 0.5623547434806824, 0.5476081967353821, 0.5594481229782104, 0.5862670540809631, 0.5015119910240173, 0.5585748553276062, 0.5250905156135559, 0.602228581905365, 0.5023674368858337, 0.5605437159538269, 0.4883536100387573, 0.5563062429428101, 0.4546896815299988, 0.6042073965072632, 0.4295051395893097, 0.3888998031616211, 0.45911091566085815, 0.5157221555709839, 0.5481163859367371, 0.6700438857078552, 0.6322333216667175, 0.5406875610351562, 0.5244020223617554, 0.5466206669807434, 0.6150886416435242, 0.6574403643608093, 0.6484497785568237, 0.6451402902603149, 0.550438404083252, 0.4332215487957001, 0.41199004650115967, 0.44717904925346375, 0.47321298718452454, 0.5089787840843201, 0.5864884257316589, 0.5469048023223877, 0.6805779337882996, 0.608518660068512, 0.5300422310829163, 0.5819128155708313, 0.5862190127372742, 0.4203178584575653, 0.48249584436416626, 0.5679445862770081, 0.697089433670044, 0.5494817495346069, 0.5171026587486267, 0.5869656801223755, 0.6868716478347778, 0.28659704327583313, 0.5493977665901184, 0.5570870041847229, 0.4290601313114166, 0.4011865556240082, 0.5817533731460571, 0.4311942756175995, 0.42310431599617004, 0.5266261100769043, 0.46362999081611633, 0.4290822446346283, 0.4660800099372864, 0.5703745484352112, 0.4642464816570282, 0.5450006723403931, 0.344220906496048, 0.460768461227417, 0.554131031036377, 0.5310226082801819, 0.5202974081039429, 0.503067672252655, 0.4993368089199066, 0.5475606322288513, 0.5729931592941284, 0.7010027170181274, 0.6171050071716309, 0.5625851154327393, 0.4670289158821106, 0.5296818017959595, 0.5926982760429382, 0.545779287815094, 0.548092246055603, 0.37589025497436523, 0.5095451474189758, 0.5470824837684631, 0.4564461410045624, 0.3648950159549713, 0.41150957345962524, 0.4753865897655487, 0.5279682278633118, 0.6359274983406067, 0.7016658186912537, 0.5842350125312805, 0.44102737307548523, 0.31740501523017883, 0.530079185962677, 0.4252045452594757, 0.697820246219635, 0.43145474791526794, 0.6162323355674744, 0.5032658576965332, 0.5244377851486206, 0.46933236718177795, 0.4096132814884186, 0.461340993642807, 0.5532984733581543, 0.6552309393882751, 0.5129074454307556, 0.6902511715888977, 0.6463238000869751, 0.5277191996574402, 0.43320396542549133, 0.4924657642841339, 0.5993591547012329, 0.4161272346973419, 0.6196330785751343, 0.520849883556366, 0.5984354615211487, 0.5318088531494141, 0.5936842560768127, 0.5034354329109192, 0.4817902147769928, 0.5501409769058228, 0.6601961255073547, 0.5052635073661804, 0.5151144862174988, 0.6332151889801025, 0.5601227879524231, 0.5156658291816711, 0.6588197350502014, 0.5635029673576355, 0.48462703824043274, 0.47950494289398193, 0.5620256066322327, 0.5180556178092957, 0.42705580592155457, 0.49804648756980896, 0.43183138966560364, 0.4715832769870758, 0.7210741639137268, 0.4788894057273865, 0.3830587565898895, 0.47132423520088196, 0.4729389250278473, 0.33395126461982727, 0.6073691248893738, 0.5978152751922607, 