{"rouge1": 0.14479302180429798, "rouge2": 0.011316891446167142, "rougeL": 0.0958919172424001, "rougeLsum": 0.10445848403795391}