{"train": 0.7314379237544077, "test": 0.7372359736069587}