{"bleu": 0.009447068704452062, "precisions": [0.2867921466818108, 0.03555257420761362, 0.0055526635432934235, 0.0016178321049793278], "brevity_penalty": 0.5430362169741635, "length_ratio": 0.6208946201894016, "translation_length": 12326, "reference_length": 19852}