{"mean_score": 0.5092803030461073, "scores": [0.5369853377342224, 0.4615940749645233, 0.3913833796977997, 0.5198332667350769, 0.5997853875160217, 0.47972145676612854, 0.47042781114578247, 0.5980724692344666, 0.46714040637016296, 0.6266941428184509, 0.43986573815345764, 0.37850698828697205, 0.652993381023407, 0.5239748358726501, 0.40525272488594055, 0.497159868478775, 0.4303310811519623, 0.5418031811714172, 0.5373486280441284, 0.49520567059516907, 0.5631872415542603, 0.45292189717292786, 0.537224531173706, 0.4943033754825592, 0.5862568616867065, 0.35962095856666565, 0.46913567185401917, 0.6769148111343384, 0.43497368693351746, 0.5079823136329651, 0.486192911863327, 0.5990060567855835, 0.6023711562156677, 0.5454179644584656, 0.5347980856895447, 0.41725173592567444, 0.36355921626091003, 0.6956214308738708, 0.5788618326187134, 0.5070173144340515, 0.4982466995716095, 0.4515763819217682, 0.5204493403434753, 0.4019318222999573, 0.5005002021789551, 0.41882583498954773, 0.4317150413990021, 0.5517671704292297, 0.6276745796203613, 0.39358189702033997, 0.4349139630794525, 0.5137867331504822, 0.636030912399292, 0.5003557801246643, 0.4714502990245819, 0.4970005452632904, 0.510329008102417, 0.5292688012123108, 0.5071165561676025, 0.31990090012550354, 0.3573360741138458, 0.4175540506839752, 0.5344987511634827, 0.48144179582595825, 0.4706662595272064, 0.4918101131916046, 0.32382723689079285, 0.6334425806999207, 0.35893040895462036, 0.5672435164451599, 0.5366601943969727, 0.5223971605300903, 0.41938042640686035, 0.577795684337616, 0.39703550934791565, 0.6059969067573547, 0.5313018560409546, 0.5310882925987244, 0.6029812097549438, 0.3845852315425873, 0.4840872585773468, 0.5678099989891052, 0.5764562487602234, 0.47715631127357483, 0.4522152841091156, 0.45204958319664, 0.5501767992973328, 0.5071238279342651, 0.6258342862129211, 0.5721204876899719, 0.5526198744773865, 0.5655757784843445, 0.6118770241737366, 0.5112026333808899, 0.49568429589271545, 0.4040563702583313, 0.4742116630077362, 0.6618461012840271, 0.6228191256523132, 0.49105551838874817, 0.49832019209861755, 0.485594779253006, 0.4959224760532379, 0.568087637424469, 0.48575112223625183, 0.5605244636535645, 0.5343522429466248, 0.4661058485507965, 0.4496801495552063, 0.439022421836853, 0.5208280682563782, 0.5499347448348999, 0.6024283170700073, 0.46698442101478577, 0.5072062611579895, 0.48065871000289917, 0.4005546271800995, 0.5816166400909424, 0.6253631711006165, 0.5201860070228577, 0.4770130515098572, 0.5282405018806458, 0.5262055397033691, 0.508764922618866, 0.5726823210716248, 0.4246419668197632, 0.5755793452262878, 0.4981866776943207, 0.4609057903289795, 0.40863293409347534, 0.4929792582988739, 0.6074427962303162, 0.4678100645542145, 0.45271599292755127, 0.5306494832038879, 0.47406721115112305, 0.40226930379867554, 0.545086681842804, 0.6144505143165588, 0.5647209882736206, 0.3583866059780121, 0.5283865332603455, 0.39671561121940613, 0.5074827671051025, 0.46356990933418274, 0.4293976426124573, 0.5632119178771973, 0.5402014851570129, 0.5783490538597107, 0.5327062010765076, 0.5756304860115051, 0.34475472569465637, 0.44620564579963684, 0.45390576124191284, 0.4882863461971283, 0.5901419520378113, 0.4988485872745514, 0.46469226479530334, 0.5750713348388672, 0.5085882544517517, 0.5648789405822754, 0.5611268281936646, 0.46904924511909485, 0.5002896189689636, 0.5446906089782715, 0.6403015851974487, 0.4998972713947296, 0.4579519033432007, 0.44160521030426025, 0.5197155475616455, 0.6034097075462341, 0.4630559980869293, 0.4398641884326935, 0.49490830302238464, 0.4299093782901764, 0.3474105894565582, 0.5095996260643005, 0.5420216917991638, 0.5648342967033386, 0.5640707015991211, 0.5849605202674866, 0.613318145275116, 0.47026681900024414, 0.4948040544986725, 0.48844417929649353, 0.47193947434425354, 0.5926597714424133, 0.6112876534461975, 0.5696532130241394, 0.44127675890922546, 0.4959072768688202, 0.39111265540122986, 0.5710829496383667, 0.5443904399871826, 0.5389120578765869, 0.6590604186058044, 0.5686669945716858, 0.6299425959587097, 0.4518188238143921, 0.4760051369667053, 0.43346914649009705, 0.47344622015953064, 0.639938235282898, 0.5197567939758301, 0.6076517701148987, 0.5069449543952942, 0.6026793122291565, 0.5266025066375732, 0.4139326214790344, 0.5679231286048889, 0.4120183289051056, 0.6170697808265686, 0.43056946992874146, 0.6079058051109314, 0.5730347037315369, 0.5825151801109314, 0.49300119280815125, 0.5691588521003723, 0.6948263645172119, 0.4845485985279083, 0.5192367434501648, 0.49600788950920105, 0.5935584902763367, 0.43951815366744995, 0.5962557792663574, 0.43903207778930664, 0.5634889006614685, 0.6206384897232056, 0.48481231927871704, 0.47635719180107117, 0.48675355315208435, 0.5338590741157532, 0.3168603479862213, 0.42203429341316223, 0.5308375954627991, 0.6156460642814636, 0.4037047326564789, 0.6420449614524841, 0.3869270384311676, 0.5010250806808472, 0.5046889781951904, 0.48737993836402893, 0.505524218082428, 0.4821508526802063, 0.418654203414917, 0.4571956694126129, 0.5895223021507263, 0.48078790307044983, 0.5233692526817322, 0.5383137464523315, 0.5626452565193176, 0.4140889644622803, 0.50199955701828, 0.48690682649612427, 0.5292917490005493, 0.34411948919296265, 0.5618436932563782, 0.5684137344360352, 0.6557394862174988, 0.6029187440872192, 0.567571759223938, 0.44665300846099854, 0.47848623991012573, 0.5262400507926941, 0.43010157346725464, 0.4610053598880768, 0.3326180875301361, 0.3921494781970978, 0.5163689255714417, 0.5079164505004883, 0.6131733059883118, 0.6609559655189514, 0.5384488701820374, 0.4270150363445282, 0.6010192632675171, 0.6674535274505615, 0.4255087375640869, 0.5782354474067688, 0.5369277596473694, 0.5258110761642456, 0.4967361390590668, 0.5040658116340637, 0.4894176423549652, 0.5419837832450867, 0.4856260120868683, 0.47776857018470764, 0.3821643888950348, 0.6744524836540222, 0.6388179063796997, 0.6019318103790283, 0.6093805432319641, 0.5017642378807068, 0.39816007018089294, 0.6010478734970093, 0.5618589520454407, 0.5055171251296997, 0.4144911766052246, 0.5017350316047668, 0.6035049557685852, 0.5168176889419556, 0.46098044514656067, 0.31915542483329773, 0.6374871730804443, 0.4524855613708496, 0.5797544121742249, 0.4329885244369507, 0.42089563608169556, 0.45148083567619324, 0.4854819178581238, 0.4876226484775543, 0.3510201871395111, 0.4563494622707367, 0.5287531614303589, 0.45353496074676514, 0.45616158843040466, 0.4199554920196533, 0.6382997632026672, 0.3519151508808136, 0.5567390322685242, 0.467639297246933, 0.409747451543808, 0.4419689476490021, 0.49544742703437805, 0.5391603112220764, 0.5458163619041443, 0.4169915020465851, 0.49770405888557434, 0.4793715178966522, 0.6255303621292114, 0.5149791836738586, 0.5429763197898865, 0.45015794038772583, 0.5270618796348572, 0.5389600992202759, 0.4921228885650635, 0.5388441681861877, 0.46487805247306824, 0.6207261681556702, 0.5738862156867981, 0.517170786857605, 0.38522815704345703, 0.6073434948921204, 0.37266820669174194, 0.5859997868537903, 0.6010444760322571, 0.5964312553405762, 0.4421263337135315, 0.33338257670402527, 0.47939255833625793, 0.5507235527038574, 0.49531087279319763, 0.39067965745925903, 0.4888061583042145, 0.4109729826450348, 0.4290444850921631, 0.39476460218429565, 0.4883795380592346, 0.46961045265197754, 0.6084499955177307, 0.4672596752643585, 0.4672490060329437, 0.5528419613838196, 0.6015715003013611, 0.40688127279281616, 0.5637941956520081, 0.5312299132347107, 0.592042863368988, 0.501056969165802, 0.47330179810523987, 0.47775495052337646, 0.6410363912582397, 0.4394015073776245, 0.42274045944213867, 0.6102261543273926, 0.528170645236969, 0.44385793805122375, 0.48130035400390625, 0.4839654266834259, 0.45548221468925476, 0.7255687117576599, 0.6083813309669495, 0.4622538983821869, 0.4848482608795166, 0.5269110798835754, 0.5222878456115723, 0.6057455539703369, 0.5033624768257141, 0.5548202395439148, 0.5283469557762146, 0.7171576619148254, 0.4773499071598053, 0.49302569031715393, 0.44375160336494446, 0.5516575574874878, 