{"rouge1": 0.18805933888853552, "rouge2": 0.022761786963000824, "rougeL": 0.12742882759734614, "rougeLsum": 0.13720799022117164}