{
    "percent_toxic_predictions": 0.16285621410770398,
    "percent_toxic_references": 0.2310109437642215
}