{"bleu": 0.004643088679288052, "precisions": [0.20729272298793117, 0.015983758060825123, 0.0015891827017312141, 0.00023884263682271052], "brevity_penalty": 0.7796861477933447, "length_ratio": 0.8007278200166515, "translation_length": 350075, "reference_length": 437196}