{"rouge1": 0.16172135149009598, "rouge2": 0.013761830222933404, "rougeL": 0.11906441043086029, "rougeLsum": 0.12344575586497747}