{"train": {"('top_comment_1', 'top_comment_2')": 0.4868377884456174, "('top_comment_1', 'top_comment_3')": 0.46350052028106314, "('top_comment_1', 'top_comment_4')": 0.41679137871948047, "('top_comment_1', 'top_comment_5')": 0.42109760251978356, "('top_comment_1', 'top_comment_6')": 0.41221448335921207, "('top_comment_1', 'top_comment_7')": 0.4224459663746021, "('top_comment_1', 'top_comment_8')": 0.3767971108474475, "('top_comment_1', 'top_comment_9')": 0.3718233008361145, "('top_comment_1', 'top_comment_10')": 0.36198914459370657, "('top_comment_2', 'top_comment_3')": 0.5647384498894614, "('top_comment_2', 'top_comment_4')": 0.5508621744552666, "('top_comment_2', 'top_comment_5')": 0.5425798212005108, "('top_comment_2', 'top_comment_6')": 0.5375995366240082, "('top_comment_2', 'top_comment_7')": 0.5199235678203633, "('top_comment_2', 'top_comment_8')": 0.5010909786087311, "('top_comment_2', 'top_comment_9')": 0.46711891811311956, "('top_comment_2', 'top_comment_10')": 0.43583127185873916, "('top_comment_3', 'top_comment_4')": 0.5017710886790019, "('top_comment_3', 'top_comment_5')": 0.5423558086900291, "('top_comment_3', 'top_comment_6')": 0.5071614893595977, "('top_comment_3', 'top_comment_7')": 0.5046579017546176, "('top_comment_3', 'top_comment_8')": 0.5099719995552277, "('top_comment_3', 'top_comment_9')": 0.4695476202228074, "('top_comment_3', 'top_comment_10')": 0.46469935044578103, "('top_comment_4', 'top_comment_5')": 0.5020337580759993, "('top_comment_4', 'top_comment_6')": 0.49002293966351596, "('top_comment_4', 'top_comment_7')": 0.5037161934309029, "('top_comment_4', 'top_comment_8')": 0.48046218352086456, "('top_comment_4', 'top_comment_9')": 0.49446950456768124, "('top_comment_4', 'top_comment_10')": 0.46762900412852615, "('top_comment_5', 'top_comment_6')": 0.4861830411489859, "('top_comment_5', 'top_comment_7')": 0.5341850084654456, "('top_comment_5', 'top_comment_8')": 0.4897033609262367, "('top_comment_5', 'top_comment_9')": 0.4788772746214751, "('top_comment_5', 'top_comment_10')": 0.4889062273331425, "('top_comment_6', 'top_comment_7')": 0.5005073444363654, "('top_comment_6', 'top_comment_8')": 0.48407182944708504, "('top_comment_6', 'top_comment_9')": 0.48491613334924644, "('top_comment_6', 'top_comment_10')": 0.45381571665471365, "('top_comment_7', 'top_comment_8')": 0.46393470999673037, "('top_comment_7', 'top_comment_9')": 0.4805524916739762, "('top_comment_7', 'top_comment_10')": 0.44497734372583586, "('top_comment_8', 'top_comment_9')": 0.4386269858831705, "('top_comment_8', 'top_comment_10')": 0.3991209502827098, "('top_comment_9', 'top_comment_10')": 0.41463890148724436}, "test": {"('top_comment_1', 'top_comment_2')": 0.45583504515328865, "('top_comment_1', 'top_comment_3')": 0.5112909383817408, "('top_comment_1', 'top_comment_4')": 0.456061895245068, "('top_comment_1', 'top_comment_5')": 0.420189080277369, "('top_comment_1', 'top_comment_6')": 0.4129433954610906, "('top_comment_1', 'top_comment_7')": 0.4111530487480729, "('top_comment_1', 'top_comment_8')": 0.4039425741957585, "('top_comment_1', 'top_comment_9')": 0.3532385466034754, "('top_comment_1', 'top_comment_10')": 0.3862030286034773, "('top_comment_2', 'top_comment_3')": 0.5232119144947536, "('top_comment_2', 'top_comment_4')": 0.5235810711763217, "('top_comment_2', 'top_comment_5')": 0.5081915147023793, "('top_comment_2', 'top_comment_6')": 0.44974299631314085, "('top_comment_2', 'top_comment_7')": 0.4542910177209315, "('top_comment_2', 'top_comment_8')": 0.46919477480990446, "('top_comment_2', 'top_comment_9')": 0.420913044063598, "('top_comment_2', 'top_comment_10')": 0.4960171990849205, "('top_comment_3', 'top_comment_4')": 0.5753246753246752, "('top_comment_3', 'top_comment_5')": 0.5131449533480422, "('top_comment_3', 'top_comment_6')": 0.557545716390917, "('top_comment_3', 'top_comment_7')": 0.5365169751089255, "('top_comment_3', 'top_comment_8')": 0.5385278895917194, "('top_comment_3', 'top_comment_9')": 0.4759353360890972, "('top_comment_3', 'top_comment_10')": 0.48523041100341147, "('top_comment_4', 'top_comment_5')": 0.564007687232883, "('top_comment_4', 'top_comment_6')": 0.5801492166854039, "('top_comment_4', 'top_comment_7')": 0.5403975139991385, "('top_comment_4', 'top_comment_8')": 0.557519436345967, "('top_comment_4', 'top_comment_9')": 0.4855572998430141, "('top_comment_4', 'top_comment_10')": 0.5125292951144762, "('top_comment_5', 'top_comment_6')": 0.5408711824019993, "('top_comment_5', 'top_comment_7')": 0.524269766019269, "('top_comment_5', 'top_comment_8')": 0.5153248297634384, "('top_comment_5', 'top_comment_9')": 0.5046083924967184, "('top_comment_5', 'top_comment_10')": 0.5411902083363, "('top_comment_6', 'top_comment_7')": 0.5431757413709286, "('top_comment_6', 'top_comment_8')": 0.5042879846472159, "('top_comment_6', 'top_comment_9')": 0.4645814568381904, "('top_comment_6', 'top_comment_10')": 0.4912649748616271, "('top_comment_7', 'top_comment_8')": 0.4354337113056791, "('top_comment_7', 'top_comment_9')": 0.5182749981018906, "('top_comment_7', 'top_comment_10')": 0.500638903856516, "('top_comment_8', 'top_comment_9')": 0.4688221709006929, "('top_comment_8', 'top_comment_10')": 0.43079605947500466, "('top_comment_9', 'top_comment_10')": 0.4604488806831295}}