{"train": 0.6467045770943506, "test": 0.651530715405298}