{
    "percent_toxic_predictions": 0.2345866291039116,
    "percent_toxic_references": 0.2310109437642215
}