{"bleu": 0.009255867084986644, "precisions": [0.3608334839238799, 0.05663930141150503, 0.008948160458859235, 0.0024291713177058416], "brevity_penalty": 0.358519640771065, "length_ratio": 0.4936390085911124, "translation_length": 215817, "reference_length": 437196}