{"rouge1": 0.21116279096545373, "rouge2": 0.028938436738445934, "rougeL": 0.15682421674230068, "rougeLsum": 0.16197216287115856}