{
    "percent_toxic_predictions": 0.16632354534619134,
    "percent_toxic_references": 0.2310109437642215
}