{"bleu": 0.007830778791221871, "precisions": [0.19981870715540195, 0.019766970030722857, 0.002551777342590944, 0.0006075703262652652], "brevity_penalty": 0.8852196807048992, "length_ratio": 0.8913295965257789, "translation_length": 17651, "reference_length": 19803}