{"mean_score": 0.5258559896051884, "scores": [0.5769619345664978, 0.4914926290512085, 0.45314821600914, 0.4888114631175995, 0.4970689117908478, 0.5662643313407898, 0.645918607711792, 0.37479451298713684, 0.4854186177253723, 0.4881685972213745, 0.37930744886398315, 0.4646967053413391, 0.5379357933998108, 0.4969692528247833, 0.5049656629562378, 0.4399275481700897, 0.5609196424484253, 0.5579082369804382, 0.5228761434555054, 0.6182803511619568, 0.5987525582313538, 0.49800804257392883, 0.5366751551628113, 0.6962379813194275, 0.5154961943626404, 0.6304330229759216, 0.4451548159122467, 0.6235650777816772, 0.4902052581310272, 0.525807797908783, 0.48890045285224915, 0.5000130534172058, 0.4074675142765045, 0.5525327920913696, 0.6949414014816284, 0.5167732238769531, 0.5207871794700623, 0.5224241614341736, 0.5350997447967529, 0.3235708177089691, 0.6435522437095642, 0.5841144323348999, 0.6453425288200378, 0.5597808957099915, 0.6534737944602966, 0.5893175601959229, 0.4340360462665558, 0.40197959542274475, 0.5983852744102478, 0.37530937790870667, 0.613275945186615, 0.5797786116600037, 0.5535798668861389, 0.6076453328132629, 0.6211187243461609, 0.5625684857368469, 0.654650866985321, 0.5252761244773865, 0.44989213347435, 0.5387611985206604, 0.6082050204277039, 0.31369951367378235, 0.6419118046760559, 0.5270764827728271, 0.6681404113769531, 0.41223153471946716, 0.5550478100776672, 0.6692409515380859, 0.6701323390007019, 0.5879055857658386, 0.4405601918697357, 0.6055451035499573, 0.4836205840110779, 0.6081029772758484, 0.5102242827415466, 0.5541930198669434, 0.4175024926662445, 0.4194050431251526, 0.6708375811576843, 0.47424307465553284, 0.538200855255127, 0.27660617232322693, 0.391279935836792, 0.6341713070869446, 0.5915190577507019, 0.49309542775154114, 0.5516209602355957, 0.3646540343761444, 0.6193285584449768, 0.3605028986930847, 0.5387933850288391, 0.48220083117485046, 0.5505965948104858, 0.5276967287063599, 0.6485058069229126, 0.49174514412879944, 0.5117331147193909, 0.479739785194397, 0.4095504581928253, 0.651477575302124, 0.5547171235084534, 0.552994430065155, 0.5569365620613098, 0.6177427172660828, 0.4640703499317169, 0.48481377959251404, 0.6459970474243164, 0.5122344493865967, 0.3727785348892212, 0.4962259829044342, 0.5443612337112427, 0.6499215960502625, 0.37777289748191833, 0.5545116066932678, 0.5224859714508057, 0.6977187991142273, 0.5371024012565613, 0.5097499489784241, 0.5213755965232849, 0.604202389717102, 0.4872044622898102, 0.4597814977169037, 0.4989776909351349, 0.6296290755271912, 0.665363609790802, 0.5200235247612, 0.4111737906932831, 0.6060547828674316, 0.5908653140068054, 0.5407000780105591, 0.5445889830589294, 0.6392892599105835, 0.5426375269889832, 0.48068439960479736, 0.3779851496219635, 0.40083208680152893, 0.4618738889694214, 0.28096815943717957, 0.5566646456718445, 0.5735685229301453, 0.4589306116104126, 0.5817632079124451, 0.6072071194648743, 0.41357365250587463, 0.4578968286514282, 0.5372682213783264, 0.5381087064743042, 0.5759925246238708, 0.5909821391105652, 0.514201819896698, 0.5504996180534363, 0.5800968408584595, 0.6280860304832458, 0.6196824312210083, 0.5773858428001404, 0.409162312746048, 0.6581946015357971, 0.3324807584285736, 0.664393424987793, 0.6756321787834167, 0.49581626057624817, 0.38793179392814636, 0.5046681761741638, 0.42062944173812866, 0.4183160066604614, 0.40486249327659607, 0.48570793867111206, 0.5770052671432495, 0.4252146780490875, 0.5153660178184509, 0.6376774907112122, 0.5941197276115417, 0.6265103220939636, 0.5744282007217407, 0.6027507185935974, 0.5237417817115784, 0.5070059299468994, 0.48013266921043396, 0.2850424647331238, 0.6068946123123169, 0.425688773393631, 0.30587661266326904, 0.6066258549690247, 0.547396719455719, 0.582994818687439, 0.3072158694267273, 0.3848511278629303, 0.6449198126792908, 0.5053611993789673, 0.4476475417613983, 0.6239826083183289, 0.4766683876514435, 0.4768241345882416, 0.41949406266212463, 0.6393336653709412, 0.6123963594436646, 0.5598679184913635, 0.4484769403934479, 0.5248151421546936, 0.5757002234458923, 0.4842042624950409, 0.5131828188896179, 0.5504396557807922, 0.5390105247497559, 0.2956562936306, 0.5059003233909607, 0.5714005827903748, 0.5836161971092224, 0.5425667762756348, 0.6147308945655823, 0.5985514521598816, 0.4966985881328583, 0.42123734951019287, 0.5359734892845154, 0.6171602606773376, 0.5539678931236267, 0.46393269300460815, 0.5263013243675232, 0.5366015434265137, 0.45778730511665344, 0.4607444703578949, 0.6871338486671448, 0.5568035840988159, 0.4754224121570587, 0.24762418866157532, 0.6275221705436707, 0.4655943214893341, 0.5439537167549133, 0.4088093042373657, 0.3643281161785126, 0.35891950130462646, 0.44014185667037964, 0.47434917092323303, 0.692533552646637, 0.7161217927932739, 0.656984269618988, 0.5394627451896667, 0.487999826669693, 0.5506510734558105, 0.5768187046051025, 0.647565484046936, 0.5823525786399841, 0.5323975682258606, 0.3762407600879669, 0.41348639130592346, 0.5453235507011414, 0.4980578124523163, 0.4531154930591583, 0.618831217288971, 0.5066521167755127, 0.592784583568573, 0.46022850275039673, 0.4057069420814514, 0.4407311975955963, 0.35973119735717773, 0.5297312140464783, 0.6202185750007629, 0.6023736596107483, 0.34564968943595886, 0.5055594444274902, 0.42381471395492554, 0.531669557094574, 0.52069091796875, 0.5922250151634216, 0.4831082820892334, 0.5134479999542236, 0.36313149333000183, 0.3948419988155365, 0.4185670018196106, 0.3985911011695862, 0.4686950147151947, 0.39170005917549133, 0.4243413209915161, 0.6021764278411865, 0.5927433371543884, 0.4576317071914673, 0.5763267874717712, 0.5482047200202942, 0.5112442970275879, 0.5782794952392578, 0.6302210688591003, 0.6364630460739136, 0.6070443987846375, 0.4978998005390167, 0.5790497660636902, 0.6242125630378723, 0.499407559633255, 0.6377077102661133, 0.5453118681907654, 0.384649395942688, 0.5043166279792786, 0.47647398710250854, 0.48950693011283875, 0.5986781716346741, 0.6339758038520813, 0.5643865466117859, 0.420397013425827, 0.5688115954399109, 0.5315134525299072, 0.5525678992271423, 0.5128041505813599, 0.5716480016708374, 0.494558721780777, 0.6417300701141357, 0.6651837825775146, 0.4027647376060486, 0.3922407925128937, 0.5130119919776917, 0.5294256210327148, 0.5432226061820984, 0.5873932838439941, 0.6648291945457458, 0.590303361415863, 0.5317289233207703, 0.48465898633003235, 0.4596448838710785, 0.6572222113609314, 0.6233723759651184, 0.5115693211555481, 0.4800571799278259, 0.6489978432655334, 0.5892691016197205, 0.5408411622047424, 0.42934927344322205, 0.47548940777778625, 0.6416594386100769, 0.5086842179298401, 0.4760724902153015, 0.601839005947113, 0.4804126024246216, 0.5530689358711243, 0.5672957301139832, 0.5506787896156311, 0.5103461742401123, 0.5017269253730774, 0.5485774874687195, 0.6399841904640198, 0.655521810054779, 0.5086849927902222, 0.45179328322410583, 0.4914223253726959, 0.5412401556968689, 0.5137277841567993, 0.5213972926139832, 0.551562488079071, 0.49579647183418274, 0.36323973536491394, 0.5903885364532471, 0.4613281190395355, 0.49403873085975647, 0.5563835501670837, 0.4304853677749634, 0.47002309560775757, 0.6375214457511902, 0.5710620284080505, 0.5933630466461182, 0.38969844579696655, 0.5532508492469788, 0.598643958568573, 0.6050105094909668, 0.5068463683128357, 0.47853076457977295, 0.429295152425766, 0.48909541964530945, 0.5821273326873779, 0.580913782119751, 0.5260142087936401, 0.5975675582885742, 0.4752024710178375, 0.6261745095252991, 0.5222172141075134, 0.6105522513389587, 0.5375345945358276, 0.5794147849082947, 0.630477249622345, 0.5579882860183716, 0.5937516093254089, 0.607254683971405, 0.45428431034088135, 0.5511999726295471, 0.6661984324455261, 0.5197725892066956, 0.5526629686355591, 0.5124383568763733, 0.6039761900901794, 0.5319166779518127, 0.6549316048622131, 0.5695221424102783, 0.36391356587409973, 0.593424379825592, 0.6918613314628601, 0.5127133131027222, 0.5655848383903503, 0.5068845748901367, 0.47661691904067993, 0.34731441736221313, 0.4509434103965759, 