{"rouge1": 0.1595393863278271, "rouge2": 0.017068174645736685, "rougeL": 0.11188763347278978, "rougeLsum": 0.11880943823589243}