{"rouge1": 0.026311447686912445, "rouge2": 7.787118855249617e-05, "rougeL": 0.024935680248014246, "rougeLsum": 0.02525920282375458}