{"bleu": 0.009730273782146527, "precisions": [0.34424546238926823, 0.05216607011542353, 0.00811393386042848, 0.0020253209337702366], "brevity_penalty": 0.4174742039232044, "length_ratio": 0.533751075787539, "translation_length": 256137, "reference_length": 479881}