{"rouge1": 0.20904341899938125, "rouge2": 0.027585085088351634, "rougeL": 0.15318929007736914, "rougeLsum": 0.15890822925395875}