{"bleu": 0.010023999329872272, "precisions": [0.3473272715153369, 0.0512938756687711, 0.008275222409897932, 0.0023284852847728615], "brevity_penalty": 0.41412041058475796, "length_ratio": 0.5314630085375333, "translation_length": 255039, "reference_length": 479881}