{"rouge1": 0.21465621750142638, "rouge2": 0.02812039979395231, "rougeL": 0.15521201977889704, "rougeLsum": 0.1610096675012372}