{"bleu": 0.007081562339377967, "precisions": [0.1555634695650935, 0.014347282079799805, 0.002134590531324269, 0.0005278669775216645], "brevity_penalty": 1.0, "length_ratio": 2.194262744305359, "translation_length": 1052985, "reference_length": 479881}