{"rouge1": 0.18965656821356863, "rouge2": 0.022365880210613448, "rougeL": 0.11363013619829328, "rougeLsum": 0.13638240877131225}