{"rouge1": 0.1897022837246177, "rouge2": 0.022369150333764354, "rougeL": 0.11366044630201981, "rougeLsum": 0.13641608013902812}