{"bleu": 0.002034006143943492, "precisions": [0.3107312167791984, 0.03139765279682975, 0.004208481709291033, 0.000687167153410067], "brevity_penalty": 0.15694041053809593, "length_ratio": 0.3506447713076768, "translation_length": 6961, "reference_length": 19852}