{"mean_score": 0.4482669220864773, "scores": [0.48797306418418884, 0.37478503584861755, 0.29660046100616455, 0.4122958481311798, 0.5401684641838074, 0.46426278352737427, 0.5491955876350403, 0.5687918066978455, 0.47515469789505005, 0.28742489218711853, 0.40973177552223206, 0.26219987869262695, 0.48606327176094055, 0.40010687708854675, 0.5751145482063293, 0.4370521903038025, 0.59323650598526, 0.47271016240119934, 0.48411813378334045, 0.4266413450241089, 0.505281388759613, 0.3199603855609894, 0.39945024251937866, 0.3873872458934784, 0.3565366566181183, 0.3515925109386444, 0.3807774782180786, 0.581192135810852, 0.5027306079864502, 0.5816910266876221, 0.5352383255958557, 0.4596579074859619, 0.42866790294647217, 0.3797968327999115, 0.5429231524467468, 0.5350720882415771, 0.486732542514801, 0.3781389892101288, 0.4901493489742279, 0.48727360367774963, 0.39918217062950134, 0.4772527515888214, 0.5574219226837158, 0.39184412360191345, 0.5094659328460693, 0.5368471741676331, 0.4419202506542206, 0.3795289695262909, 0.6070803999900818, 0.5067415237426758, 0.3991506099700928, 0.3021967113018036, 0.3934912085533142, 0.32986971735954285, 0.47204160690307617, 0.5731037259101868, 0.46583256125450134, 0.5405653119087219, 0.5080709457397461, 0.5471249222755432, 0.5205584168434143, 0.3001069724559784, 0.29587385058403015, 0.40880945324897766, 0.5548171401023865, 0.4519864618778229, 0.2841939628124237, 0.33754613995552063, 0.552420437335968, 0.29450365900993347, 0.3845025599002838, 0.46431025862693787, 0.4451223909854889, 0.45712411403656006, 0.4970884621143341, 0.47582364082336426, 0.5037726759910583, 0.44709259271621704, 0.4799743592739105, 0.27585387229919434, 0.5544395446777344, 0.5057428479194641, 0.5445523262023926, 0.35819458961486816, 0.4894906282424927, 0.3832772672176361, 0.46965348720550537, 0.5625168085098267, 0.472810298204422, 0.6092403531074524, 0.27475517988204956, 0.43257656693458557, 0.28281188011169434, 0.4472951889038086, 0.47452816367149353, 0.40837082266807556, 0.4083718955516815, 0.32061001658439636, 0.5236981511116028, 0.5910821557044983, 0.3874158561229706, 0.3162933588027954, 0.5099164843559265, 0.4539039134979248, 0.5110657811164856, 0.5133656859397888, 0.4276066720485687, 0.27102556824684143, 0.46967798471450806, 0.5278474688529968, 0.5244178175926208, 0.48825785517692566, 0.4879930913448334, 0.5765216946601868, 0.4592795670032501, 0.42163485288619995, 0.5385070443153381, 0.5501595139503479, 0.549458384513855, 0.42828473448753357, 0.435123473405838, 0.5183692574501038, 0.5861645936965942, 0.3243412673473358, 0.4606465995311737, 0.40840744972229004, 0.37064114212989807, 0.40884631872177124, 0.5075134634971619, 0.44857004284858704, 0.5848907828330994, 0.517772376537323, 0.5534095168113708, 0.2866007089614868, 0.3337951600551605, 0.48511698842048645, 0.3578985035419464, 0.29618996381759644, 0.6104532480239868, 0.4356965124607086, 0.4226062297821045, 0.5309678912162781, 0.4864029884338379, 0.45968687534332275, 0.45336708426475525, 0.3982047438621521, 0.5568755269050598, 0.48757514357566833, 0.3951456844806671, 0.5241434574127197, 0.3998868763446808, 0.41506263613700867, 0.4599880278110504, 0.6655985116958618, 0.4979744851589203, 0.3172392249107361, 0.5795660614967346, 0.4316783547401428, 0.5068138837814331, 0.24966883659362793, 0.38725802302360535, 0.4023010730743408, 0.4492037296295166, 0.5578657388687134, 0.391069233417511, 0.5921427607536316, 0.4270212650299072, 0.458334743976593, 0.32702961564064026, 0.4702843129634857, 0.46705177426338196, 0.5441104769706726, 0.39246928691864014, 0.5329477787017822, 0.3429271876811981, 0.5031703114509583, 0.3804744780063629, 0.603870689868927, 0.49676015973091125, 0.4408063292503357, 0.3989624083042145, 0.4421174228191376, 0.4566737115383148, 0.5190334916114807, 0.540652871131897, 0.4177485406398773, 0.34109973907470703, 0.2819148898124695, 0.44510310888290405, 0.6372366547584534, 0.5625028610229492, 0.5847944617271423, 0.5143594145774841, 0.4886060655117035, 0.4059099555015564, 0.3895157277584076, 0.311214417219162, 0.3619457185268402, 0.6102809906005859, 0.35011324286460876, 0.4825148582458496, 0.45582693815231323, 0.7103838324546814, 0.4865194261074066, 0.5937954187393188, 0.4788501560688019, 0.3590497672557831, 0.3366412818431854, 0.5796595215797424, 0.6288664937019348, 0.502416729927063, 0.32075265049934387, 0.390496164560318, 0.42111411690711975, 0.4029292166233063, 0.4461294710636139, 0.4014733135700226, 0.47243285179138184, 0.4878670275211334, 0.49202120304107666, 0.401794970035553, 0.4898780286312103, 0.47808337211608887, 0.4372720718383789, 0.4867951571941376, 0.3981589078903198, 0.3436613380908966, 0.5342974066734314, 0.3828897178173065, 0.5689529776573181, 0.5488666296005249, 0.528863251209259, 0.48555901646614075, 0.4651024043560028, 0.49111756682395935, 0.4435253441333771, 0.5034564733505249, 0.5296513438224792, 0.3931342661380768, 0.4342825412750244, 0.5320276618003845, 0.35118162631988525, 0.33234670758247375, 0.29238197207450867, 0.32371893525123596, 0.5099677443504333, 0.31194519996643066, 0.27313685417175293, 0.513095498085022, 0.5403908491134644, 0.5020904541015625, 0.4060465395450592, 0.3913567364215851, 0.465695321559906, 0.5414867997169495, 0.29378411173820496, 0.4700692296028137, 0.3610560894012451, 0.36988356709480286, 0.34817665815353394, 0.5507426857948303, 0.4050329029560089, 0.3649660050868988, 0.4789414703845978, 0.3759934902191162, 0.3658296763896942, 0.31931909918785095, 0.5578030943870544, 0.46525970101356506, 0.5154269337654114, 0.4196713864803314, 0.5217072367668152, 0.5155449509620667, 0.488253116607666, 0.4701811373233795, 0.4654439389705658, 0.46012964844703674, 0.4833456873893738, 0.5431957840919495, 0.6139453053474426, 0.46208029985427856, 0.37109604477882385, 0.315269410610199, 0.3336165249347687, 0.2737516164779663, 0.43229857087135315, 0.29602158069610596, 0.5494855046272278, 0.5284751653671265, 0.6221175789833069, 0.5068941116333008, 0.5867072343826294, 0.3643433749675751, 0.3204902112483978, 0.38277947902679443, 0.46579670906066895, 0.43627381324768066, 0.5388473868370056, 0.43813130259513855, 0.4628356993198395, 0.45110461115837097, 0.34100475907325745, 0.5508527755737305, 0.44867077469825745, 0.5376195311546326, 0.29418566823005676, 0.28096815943717957, 0.4469422996044159, 0.42065081000328064, 0.5663079023361206, 0.4448390007019043, 0.4675997793674469, 0.537811279296875, 0.3985807001590729, 0.3366175591945648, 0.35243162512779236, 0.5929813981056213, 0.4411226809024811, 0.45081067085266113, 0.3423493206501007, 0.4853108823299408, 0.44499027729034424, 0.49328622221946716, 0.3424319326877594, 0.28246158361434937, 0.47978606820106506, 0.43743595480918884, 0.5654934644699097, 0.537649929523468, 0.27794355154037476, 0.5766031742095947, 0.3281160295009613, 0.5438015460968018, 0.4891919195652008, 0.4013635218143463, 0.3683372139930725, 0.5163951516151428, 0.5517761707305908, 0.4317319095134735, 0.2784808278083801, 0.43999817967414856, 0.3571814298629761, 0.314016729593277, 0.6015143394470215, 0.3613191545009613, 0.5199427604675293, 0.3032882511615753, 0.631574273109436, 0.32492557168006897, 0.35097670555114746, 0.49502989649772644, 0.47473517060279846, 0.4783274829387665, 0.5100727677345276, 0.3964170515537262, 0.5034092664718628, 0.5407893061637878, 0.47667378187179565, 0.46898558735847473, 0.2770777642726898, 0.3136042654514313, 0.4172517955303192, 0.46085232496261597, 0.47197648882865906, 0.5326785445213318, 0.5203790664672852, 0.5384384989738464, 0.6592417359352112, 0.43381398916244507, 0.4277879297733307, 0.5906960964202881, 0.33545348048210144, 0.2755720317363739, 0.22841095924377441, 0.45823025703430176, 0.37671151757240295, 0.4321011006832123, 0.3760074973106384, 0.37483635544776917, 0.44106754660606384, 0.5031090974807739, 0.3399261236190796, 0.5834197402000427, 0.33115354180336, 0.554304301738739, 0.4870765507221222, 0.28050464391708374, 0.25677624344825745, 0.32044562697410583, 0.4356532394886017, 0.31035593152046204, 0.38251301646232605, 0.4122779667377472, 