{"rouge1": 0.13214795273469637, "rouge2": 0.012960956015414502, "rougeL": 0.09634380585549858, "rougeLsum": 0.10130137850990754}