{"mean_score": 0.31976243026554585, "scores": [0.34561190009117126, 0.28697726130485535, 0.31534305214881897, 0.3729444146156311, 0.36060938239097595, 0.28432437777519226, 0.28689247369766235, 0.26056116819381714, 0.2774622440338135, 0.31058594584465027, 0.2965734302997589, 0.39060619473457336, 0.2841125428676605, 0.3974236845970154, 0.35461822152137756, 0.25488224625587463, 0.23243679106235504, 0.33989208936691284, 0.39720654487609863, 0.34112367033958435, 0.2905136048793793, 0.30292990803718567, 0.2791273593902588, 0.2644525468349457, 0.4612481892108917, 0.27852457761764526, 0.3305090069770813, 0.26543036103248596, 0.3378502428531647, 0.36626026034355164, 0.32342711091041565, 0.3061363101005554, 0.341966837644577, 0.3163405954837799, 0.3425375521183014, 0.35533466935157776, 0.4024454653263092, 0.3211170434951782, 0.271561861038208, 0.39697420597076416, 0.283741295337677, 0.3354450762271881, 0.29433107376098633, 0.26431921124458313, 0.2803904414176941, 0.2925439476966858, 0.3881840407848358, 0.36613455414772034, 0.31480565667152405, 0.26953378319740295, 0.3161751925945282, 0.2984521687030792, 0.38490819931030273, 0.3795337378978729, 0.3021549582481384, 0.28227314352989197, 0.3015178442001343, 0.3052031397819519, 0.29022905230522156, 0.37422114610671997, 0.3408874273300171, 0.282916784286499, 0.28683629631996155, 0.3218475878238678, 0.3110848665237427, 0.27257978916168213, 0.30745065212249756, 0.30724039673805237, 0.3909187912940979, 0.2741874158382416, 0.28217437863349915, 0.2626424729824066, 0.4428015351295471, 0.2670347988605499, 0.3213059902191162, 0.2704756557941437, 0.3601597547531128, 0.29626041650772095, 0.27316129207611084, 0.2713022530078888, 0.35767173767089844, 0.28632763028144836, 0.28913983702659607, 0.3288808763027191, 0.3221971392631531, 0.2770061790943146, 0.27843183279037476, 0.3041042387485504, 0.28423967957496643, 0.2983781695365906, 0.3240307867527008, 0.3357471227645874, 0.33303943276405334, 0.3213818669319153, 0.38150957226753235, 0.25958117842674255, 0.26949480175971985, 0.34195566177368164, 0.34236669540405273, 0.3485383689403534, 0.31863853335380554, 0.32114145159721375, 0.2988467514514923, 0.30604448914527893, 0.36863723397254944, 0.421548455953598, 0.252684086561203, 0.3580990135669708, 0.27781879901885986, 0.3365980088710785, 0.3938637673854828, 0.3106873333454132, 0.347350537776947, 0.3464503288269043, 0.3229086697101593, 0.31631702184677124, 0.29981568455696106, 0.34715235233306885, 0.3084736168384552, 0.30952563881874084, 0.3536878228187561, 0.3591439425945282, 0.43201693892478943, 0.3544575273990631, 0.2938815653324127, 0.30756106972694397, 0.32410162687301636, 0.30183157324790955, 0.2787838876247406, 0.3225529193878174, 0.3060416877269745, 0.4186971187591553, 0.3116675615310669, 0.25547507405281067, 0.3036581575870514, 0.34478074312210083, 0.2701320946216583, 0.28910908102989197, 0.2544711232185364, 0.32395270466804504, 0.26337894797325134, 0.3407805860042572, 0.396957665681839, 0.2977961599826813, 0.3559795320034027, 0.2866678535938263, 0.4411967992782593, 0.27142515778541565, 0.300182580947876, 0.41719093918800354, 0.3000406324863434, 0.3830319046974182, 0.3063831925392151, 0.31437060236930847, 0.23680201172828674, 0.4116838872432709, 0.3385932743549347, 0.37186214327812195, 0.3563825488090515, 0.27956637740135193, 0.3215920627117157, 0.428810715675354, 0.3202427625656128, 0.2800627052783966, 0.42670342326164246, 0.25864964723587036, 0.29284822940826416, 0.3420563042163849, 0.2799750864505768, 0.42501500248908997, 0.3515414297580719, 0.3008268177509308, 0.28628095984458923, 0.3380991518497467, 0.3595077693462372, 0.2965846657752991, 0.34272658824920654, 0.2962031364440918, 0.2630586624145508, 0.28055888414382935, 0.331577330827713, 0.3187618553638458, 0.29367464780807495, 0.31304171681404114, 0.3007949888706207, 0.3173675537109375, 0.28272151947021484, 0.3182510435581207, 0.34430992603302, 0.3349457085132599, 0.4206258952617645, 0.2763032913208008, 0.3018070459365845, 0.3132738769054413, 0.26922738552093506, 0.3893437087535858, 0.2820911109447479, 0.30320918560028076, 0.29998311400413513, 0.3177265226840973, 0.4405284821987152, 0.32302531599998474, 0.3160751163959503, 0.30742838978767395, 0.28091946244239807, 0.26184552907943726, 0.29660505056381226, 0.3133866488933563, 0.32148024439811707, 0.3125791847705841, 0.3117542266845703, 0.32981574535369873, 0.46960878372192383, 0.3330930471420288, 0.2784217298030853, 0.31001290678977966, 0.28915855288505554, 0.2816186845302582, 0.296664834022522, 0.3557635247707367, 0.3066408932209015, 0.30806460976600647, 0.2838333249092102, 0.3315865099430084, 0.2623453438282013, 0.3936477303504944, 0.3611695468425751, 0.2857253849506378, 0.3463689684867859, 0.9684388041496277, 0.293128103017807, 0.2977070212364197, 0.30946600437164307, 0.2728891968727112, 0.28599101305007935, 0.2934022843837738, 0.2830888330936432, 0.29180797934532166, 0.4084419310092926, 0.35470277070999146, 0.332414448261261, 0.2710253894329071, 0.3289303481578827, 0.34094271063804626, 0.3653320372104645, 0.2858906090259552, 0.3398888409137726, 0.28176751732826233, 0.3089500367641449, 0.3296602666378021, 0.3160289227962494, 0.37076136469841003, 0.3066171705722809, 0.2697371244430542, 0.34651699662208557, 0.34274324774742126, 0.3577665090560913, 0.3096955716609955, 0.33643677830696106, 0.32195261120796204, 0.30143120884895325, 0.27717500925064087, 0.29313427209854126, 0.33539754152297974, 0.2855992913246155, 0.3059704005718231, 0.31690993905067444, 0.272898405790329, 0.3724196255207062, 0.2765481770038605, 0.2782001197338104, 0.3886561393737793, 0.30717870593070984, 0.34168651700019836, 0.33015596866607666, 0.26793885231018066, 0.36665448546409607, 0.3088590204715729, 0.40668603777885437, 0.32968518137931824, 0.24663159251213074, 0.34366169571876526, 0.2667316198348999, 0.2714286744594574, 0.28590378165245056, 0.3176828920841217, 0.2790069282054901, 0.2565292418003082, 0.28754037618637085, 0.426878422498703, 0.2750164270401001, 0.49512210488319397, 0.28757816553115845, 0.39293503761291504, 0.3537868559360504, 0.35781535506248474, 0.2976500689983368, 0.332168310880661, 0.3412492871284485, 0.31538376212120056, 0.29258501529693604, 0.31495681405067444, 0.3656507432460785, 0.29449859261512756, 0.31420332193374634, 0.28594541549682617, 0.3524080216884613, 0.2767738997936249, 0.2827264964580536, 0.31850409507751465, 0.3992023169994354, 0.25578412413597107, 0.44084978103637695, 0.2499801218509674, 0.2417326718568802, 0.2917692959308624, 0.30567291378974915, 0.26348257064819336, 0.40235355496406555, 0.34244877099990845, 0.26857608556747437, 0.276292622089386, 0.2776370048522949, 0.2754785716533661, 0.2807653248310089, 0.2659306526184082, 0.40161964297294617, 0.2675821781158447, 0.33017295598983765, 0.28261443972587585, 0.3158625066280365, 0.27924150228500366, 0.37650206685066223, 0.35824257135391235, 0.314739853143692, 0.3028271198272705, 0.3137902021408081, 0.29950788617134094, 0.2970499098300934, 0.39803871512413025, 0.37835365533828735, 0.3139713704586029, 0.24584653973579407, 0.3400653600692749, 0.28554126620292664, 0.3153046667575836, 0.309382826089859, 0.4413299858570099, 0.33631715178489685, 0.3845180869102478, 0.30447259545326233, 0.27627259492874146, 0.36197081208229065, 0.2875649034976959, 0.3184932470321655, 0.27077415585517883, 0.25017592310905457, 0.29776856303215027, 0.27985483407974243, 0.36059078574180603, 0.33743178844451904, 0.2873990833759308, 0.33498910069465637, 0.26820477843284607, 0.2966584861278534, 0.3080010414123535, 0.27819231152534485, 0.3072603940963745, 0.3348557651042938, 0.29566243290901184, 0.33573922514915466, 0.33832868933677673, 0.2856917381286621, 0.26269933581352234, 0.3061400055885315, 0.35518866777420044, 0.3070322275161743, 0.2733019292354584, 0.3402445614337921, 0.3261302411556244, 0.2891751825809479, 0.3422178328037262, 0.2574780285358429, 0.28267380595207214, 0.26811543107032776, 0.2931405007839203, 0.29863008856773376, 0.35540902614593506, 0.2837390899658203, 0.35409441590309143,