{"rouge1": 0.04329363400491628, "rouge2": 0.0, "rougeL": 0.04104805501755274, "rougeLsum": 0.041366054081967564}