{
    "percent_toxic_predictions": 0.009535160905840286,
    "percent_toxic_references": 0.2310109437642215
}