{"mean_score": 0.31834718588739636, "scores": [0.34561190009117126, 0.28697729110717773, 0.3153431713581085, 0.3729443848133087, 0.3606093227863312, 0.28432437777519226, 0.28689250349998474, 0.2605613172054291, 0.2774624228477478, 0.31058600544929504, 0.2965734899044037, 0.29450374841690063, 0.28411194682121277, 0.30882522463798523, 0.35461828112602234, 0.2548823952674866, 0.2324368953704834, 0.3369363844394684, 0.39720651507377625, 0.30208978056907654, 0.3266724646091461, 0.30292990803718567, 0.27912744879722595, 0.26445272564888, 0.46031454205513, 0.278524786233902, 0.2535868287086487, 0.26543036103248596, 0.3378501534461975, 0.3021881580352783, 0.3234272003173828, 0.30613645911216736, 0.3372742831707001, 0.316709041595459, 0.3425377309322357, 0.3041277229785919, 0.4024454951286316, 0.32111701369285583, 0.2715618908405304, 0.35482513904571533, 0.28374141454696655, 0.3354451358318329, 0.3274573087692261, 0.29009032249450684, 0.2803904116153717, 0.31253382563591003, 0.38818398118019104, 0.308113694190979, 0.31480565667152405, 0.2695339024066925, 0.3161751627922058, 0.3098471760749817, 0.3381063640117645, 0.4254438579082489, 0.3229402005672455, 0.28227314352989197, 0.30151787400245667, 0.3052031993865967, 0.29022911190986633, 0.3742212653160095, 0.3408873379230499, 0.29636260867118835, 0.2868363559246063, 0.321847528219223, 0.3110850155353546, 0.3348810374736786, 0.2992362678050995, 0.41709259152412415, 0.33108818531036377, 0.27418747544288635, 0.30222442746162415, 0.2626425623893738, 0.4428015649318695, 0.2670348584651947, 0.3067263662815094, 0.27047568559646606, 0.3601597547531128, 0.29626044631004333, 0.27316126227378845, 0.27130234241485596, 0.357671856880188, 0.3129054009914398, 0.3724917471408844, 0.3288808763027191, 0.3221972584724426, 0.27700623869895935, 0.2784319221973419, 0.3041042983531952, 0.2842397093772888, 0.29837819933891296, 0.32403087615966797, 0.31147778034210205, 0.3330395817756653, 0.3541180491447449, 0.3815096318721771, 0.2595812976360321, 0.2694949805736542, 0.3482801914215088, 0.34236666560173035, 0.3498338758945465, 0.31863847374916077, 0.27505603432655334, 0.2988467216491699, 0.3060445189476013, 0.36863723397254944, 0.42154833674430847, 0.26752254366874695, 0.35809895396232605, 0.27781885862350464, 0.3365980088710785, 0.38890478014945984, 0.31068745255470276, 0.29824957251548767, 0.3055746853351593, 0.32290878891944885, 0.31631702184677124, 0.3108281195163727, 0.34715238213539124, 0.3084736764431, 0.3095257580280304, 0.30422914028167725, 0.35914406180381775, 0.42932894825935364, 0.35445740818977356, 0.2938816249370575, 0.30756112933158875, 0.29954490065574646, 0.30183157324790955, 0.2787838876247406, 0.3939831554889679, 0.30604174733161926, 0.34132280945777893, 0.3116675019264221, 0.2554751932621002, 0.32385799288749695, 0.34478089213371277, 0.2701321244239807, 0.28910914063453674, 0.25447121262550354, 0.3239528238773346, 0.2633790075778961, 0.3407805263996124, 0.3441240191459656, 0.2977962791919708, 0.3559795320034027, 0.28666797280311584, 0.3289758563041687, 0.27142518758773804, 0.30018261075019836, 0.41719087958335876, 0.30004027485847473, 0.3317885398864746, 0.33273133635520935, 0.314370721578598, 0.2368021011352539, 0.30548426508903503, 0.27080559730529785, 0.3718620836734772, 0.30469489097595215, 0.2795664966106415, 0.403403103351593, 0.3897641897201538, 0.3155346214771271, 0.28006282448768616, 0.42670321464538574, 0.25864970684051514, 0.29284825921058655, 0.31257644295692444, 0.27997511625289917, 0.42501509189605713, 0.3515414297580719, 0.3008268475532532, 0.28628095984458923, 0.3380993604660034, 0.3595077693462372, 0.29658475518226624, 0.3427252173423767, 0.3775509297847748, 0.2630586326122284, 0.2805589735507965, 0.3934027850627899, 0.3187619149684906, 0.29367467761039734, 0.38205572962760925, 0.3007950484752655, 0.36973950266838074, 0.2827216684818268, 0.3182511031627655, 0.404787540435791, 0.33494555950164795, 0.4206259548664093, 0.27630338072776794, 0.3462512493133545, 0.3725786805152893, 0.2692275047302246, 0.33930864930152893, 0.2820911705493927, 0.3032092750072479, 0.29998308420181274, 0.3177265226840973, 0.4405284821987152, 0.3230254352092743, 0.3160751760005951, 0.3074284791946411, 0.2921692728996277, 0.2618456184864044, 0.2966049611568451, 0.4608132243156433, 0.3214804232120514, 0.31257912516593933, 0.35078349709510803, 0.3298157751560211, 0.4618380069732666, 0.27809491753578186, 0.2784222662448883, 0.31048551201820374, 0.3139098882675171, 0.28161871433258057, 0.29666486382484436, 0.3378452956676483, 0.30664098262786865, 0.30806460976600647, 0.28383344411849976, 0.379489004611969, 0.2817915380001068, 0.33297303318977356, 0.3611695170402527, 0.28572553396224976, 0.4299617111682892, 0.4313145577907562, 0.320769727230072, 0.29770705103874207, 0.3094662129878998, 0.27288928627967834, 0.33541128039360046, 0.2934023141860962, 0.28308895230293274, 0.29180794954299927, 0.40844208002090454, 0.3547029197216034, 0.3324144184589386, 0.27102556824684143, 0.2853039503097534, 0.34094277024269104, 0.3653324246406555, 0.28589072823524475, 0.33988896012306213, 0.28176748752593994, 0.3089500963687897, 0.3304736018180847, 0.31602901220321655, 0.37076136469841003, 0.30661746859550476, 0.2877337336540222, 0.346516877412796, 0.34274348616600037, 0.30111122131347656, 0.30969560146331787, 0.3364368975162506, 0.3142872750759125, 0.30143147706985474, 0.27717480063438416, 0.2931343913078308, 0.37071511149406433, 0.28559961915016174, 0.30597034096717834, 0.3169099986553192, 0.2728981375694275, 0.3724195659160614, 0.27654823660850525, 0.28574082255363464, 0.3439401090145111, 0.3071788251399994, 0.2850329875946045, 0.28210213780403137, 0.26793885231018066, 0.3562728464603424, 0.3553256690502167, 0.40668585896492004, 0.2847810983657837, 0.2466316521167755, 0.29466161131858826, 0.2886323928833008, 0.322703093290329, 0.3305327892303467, 0.3176829218864441, 0.2790069878101349, 0.2565293610095978, 0.28754040598869324, 0.42687860131263733, 0.27501654624938965, 0.4951220452785492, 0.2875782251358032, 0.3297855257987976, 0.3537868559360504, 0.46501806378364563, 0.297650009393692, 0.33216843008995056, 0.34124937653541565, 0.3724554479122162, 0.2925851345062256, 0.314956933259964, 0.3022424876689911, 0.32771769165992737, 0.31420332193374634, 0.28594547510147095, 0.35240811109542847, 0.2767740786075592, 0.28272658586502075, 0.3185041546821594, 0.32967182993888855, 0.2557842433452606, 0.44084981083869934, 0.24998024106025696, 0.2417326718568802, 0.3815021216869354, 0.3056730628013611, 0.26348260045051575, 0.3100527226924896, 0.32146939635276794, 0.2685762345790863, 0.27629271149635315, 0.2776370048522949, 0.27547869086265564, 0.28076547384262085, 0.33955472707748413, 0.4016196131706238, 0.3109501302242279, 0.33017298579216003, 0.2826146185398102, 0.3158624470233917, 0.2792417109012604, 0.32496681809425354, 0.2672947347164154, 0.3147399127483368, 0.30282720923423767, 0.31379035115242004, 0.2995080053806305, 0.2970500588417053, 0.398038774728775, 0.3783538341522217, 0.3139713704586029, 0.24584656953811646, 0.27901965379714966, 0.2855413258075714, 0.315304696559906, 0.3339345455169678, 0.4413299858570099, 0.33631712198257446, 0.3790472447872162, 0.3044727146625519, 0.2551480233669281, 0.3760070502758026, 0.2875649034976959, 0.37754830718040466, 0.27077430486679077, 0.2501761019229889, 0.3295067548751831, 0.2798548638820648, 0.344990998506546, 0.3448854982852936, 0.28739920258522034, 0.36401569843292236, 0.2682048976421356, 0.29665860533714294, 0.3080011308193207, 0.2781923711299896, 0.3366435468196869, 0.3348555862903595, 0.2956624925136566, 0.3771490752696991, 0.3177085816860199, 0.2856917679309845, 0.26269933581352234, 0.3061401844024658, 0.3551888167858124, 0.3070318102836609, 0.2733020484447479, 0.3402446508407593, 0.32613030076026917, 0.34172341227531433, 0.34221774339675903, 0.257478803396225, 0.28267380595207214, 0.26811549067497253, 0.29314056038856506, 0.3323974907398224, 0.337232381105423, 0.2837390601634979, 0.3540942370891571, 