{"rouge1": 0.04292515088271964, "rouge2": 0.0, "rougeL": 0.03945498074499721, "rougeLsum": 0.04040028272248337}