{"bleu": 0.007086302008176096, "precisions": [0.182795124037639, 0.016171328671328672, 0.0021224307417336908, 0.0005137572782281082], "brevity_penalty": 0.9404683853718818, "length_ratio": 0.9421720733427362, "translation_length": 18704, "reference_length": 19852}