{"mean_score": 0.5154863541573286, "scores": [0.5131980180740356, 0.5388834476470947, 0.5119653344154358, 0.5053917765617371, 0.28254929184913635, 0.29858914017677307, 0.348876029253006, 0.5138483047485352, 0.5503758192062378, 0.6280292272567749, 0.4964822828769684, 0.526311993598938, 0.5814709067344666, 0.5086951851844788, 0.6518571972846985, 0.3797939717769623, 0.5707151889801025, 0.4955168068408966, 0.4989883005619049, 0.5204370021820068, 0.5485795140266418, 0.46081796288490295, 0.540569007396698, 0.6017441153526306, 0.5663036108016968, 0.6127596497535706, 0.5394428968429565, 0.5561811923980713, 0.42558738589286804, 0.504295825958252, 0.5881719589233398, 0.599913477897644, 0.4988655149936676, 0.5046197772026062, 0.42028334736824036, 0.6066778302192688, 0.5821930170059204, 0.660922110080719, 0.5234712362289429, 0.6110792756080627, 0.4805872142314911, 0.38233354687690735, 0.6485241055488586, 0.40721774101257324, 0.43353748321533203, 0.5371343493461609, 0.4661445915699005, 0.5433502197265625, 0.5780209898948669, 0.5732004642486572, 0.5015667676925659, 0.5695865154266357, 0.3544512391090393, 0.3938288986682892, 0.4741266667842865, 0.6803835034370422, 0.5060910582542419, 0.572344958782196, 0.5314533114433289, 0.5156944394111633, 0.5932292342185974, 0.6399824619293213, 0.41669413447380066, 0.5631160140037537, 0.6096575856208801, 0.423205703496933, 0.5203787684440613, 0.6340776085853577, 0.2847161591053009, 0.6664729118347168, 0.5041044354438782, 0.25846049189567566, 0.4339699447154999, 0.3394409120082855, 0.546209454536438, 0.5592464208602905, 0.5274774432182312, 0.5881180763244629, 0.434765487909317, 0.5396758913993835, 0.5858963131904602, 0.6389996409416199, 0.4978485405445099, 0.3167214095592499, 0.46502944827079773, 0.40180620551109314, 0.5615795850753784, 0.6050229668617249, 0.6740170121192932, 0.6049731373786926, 0.5602282881736755, 0.4636431634426117, 0.6347047686576843, 0.4873926341533661, 0.47670719027519226, 0.374214231967926, 0.5209640860557556, 0.5392199158668518, 0.7063509225845337, 0.5368503332138062, 0.45928505063056946, 0.4484612047672272, 0.42331382632255554, 0.4026087522506714, 0.46662789583206177, 0.45021888613700867, 0.4922533333301544, 0.5478169322013855, 0.46512168645858765, 0.5934102535247803, 0.5370224118232727, 0.33152666687965393, 0.5845847725868225, 0.4515865445137024, 0.6231922507286072, 0.37092453241348267, 0.6275299191474915, 0.5144931077957153, 0.6149920225143433, 0.5958595275878906, 0.5429678559303284, 0.5559471249580383, 0.567732036113739, 0.5600588917732239, 0.5733247995376587, 0.5745715498924255, 0.4481695592403412, 0.6021305918693542, 0.4144158959388733, 0.6043848395347595, 0.49279099702835083, 0.6344460248947144, 0.4950007498264313, 0.5655032992362976, 0.5069503784179688, 0.4791673421859741, 0.6381816267967224, 0.43442463874816895, 0.6729910373687744, 0.46381208300590515, 0.475408673286438, 0.5033259391784668, 0.44983044266700745, 0.49585261940956116, 0.5471826791763306, 0.5511674284934998, 0.3514343798160553, 0.5654956698417664, 0.33468154072761536, 0.6635828614234924, 0.44163545966148376, 0.6120628118515015, 0.39030134677886963, 0.41239938139915466, 0.48842424154281616, 0.5365703105926514, 0.5871455073356628, 0.5517151951789856, 0.3202020525932312, 0.4525803029537201, 0.7045198678970337, 0.589082658290863, 0.5270790457725525, 0.5418258309364319, 0.5254102349281311, 0.6359785199165344, 0.6297187209129333, 0.5285657048225403, 0.6005696654319763, 0.3945867121219635, 0.4939586818218231, 0.5417365431785583, 0.6407504677772522, 0.5808156132698059, 0.41869881749153137, 0.4197116196155548, 0.3910437524318695, 0.6727080941200256, 0.5327440500259399, 0.5144252181053162, 0.6562902927398682, 0.5791382789611816, 0.6111453175544739, 0.4540219306945801, 0.6285597085952759, 0.37421301007270813, 0.3813909888267517, 0.6566582322120667, 0.3993852138519287, 0.5029805898666382, 0.555712878704071, 0.34450221061706543, 0.5061460733413696, 0.6119847297668457, 0.5544206500053406, 0.6253109574317932, 0.6611133813858032, 0.5430188179016113, 0.2772845923900604, 0.3269142806529999, 0.5453048348426819, 0.42515745759010315, 0.6391680240631104, 0.49654892086982727, 0.6409874558448792, 0.42582574486732483, 0.4722294807434082, 0.5910183787345886, 0.29272031784057617, 0.5689647197723389, 0.4869494140148163, 0.6412580609321594, 0.34035271406173706, 0.2761928141117096, 0.3129696249961853, 0.6194584965705872, 0.5278014540672302, 0.5667888522148132, 0.7254312634468079, 0.5017512440681458, 0.6236289143562317, 0.32633039355278015, 0.5124219059944153, 0.6143946647644043, 0.4849853217601776, 0.5152704119682312, 0.6023880839347839, 0.30697160959243774, 0.5673478245735168, 0.5965646505355835, 0.4777294397354126, 0.6174916625022888, 0.4689350426197052, 0.5016360878944397, 0.5915116667747498, 0.5448341965675354, 0.503135085105896, 0.548429548740387, 0.6169935464859009, 0.6001659631729126, 0.6034438610076904, 0.7201032042503357, 0.5604217648506165, 0.6366698741912842, 0.49539700150489807, 0.4571585953235626, 0.4546869993209839, 0.35563668608665466, 0.6177043318748474, 0.6063138842582703, 0.5597711801528931, 0.4816029667854309, 0.648384153842926, 0.5472568273544312, 0.47649261355400085, 0.546622633934021, 0.5498127341270447, 0.3673102557659149, 0.6881310343742371, 0.6502739191055298, 0.41102805733680725, 0.5253373980522156, 0.551637589931488, 0.432908833026886, 0.31448110938072205, 0.37934496998786926, 0.385874480009079, 0.5128753781318665, 0.5213662385940552, 0.5748488903045654, 0.4287779927253723, 0.6048917174339294, 0.5335330367088318, 0.3968319594860077, 0.4159592390060425, 0.46053940057754517, 0.5649160742759705, 0.670782744884491, 0.32266730070114136, 0.39840659499168396, 0.2729592025279999, 0.587295413017273, 0.6128218770027161, 0.5768343806266785, 0.5117492079734802, 0.46344706416130066, 0.4963923990726471, 0.6201215386390686, 0.4596344530582428, 0.5868960022926331, 0.6476103663444519, 0.45707494020462036, 0.40183964371681213, 0.5663135051727295, 0.49254003167152405, 0.6809980273246765, 0.617294430732727, 0.5173729658126831, 0.6002072095870972, 0.4356335401535034, 0.5110954642295837, 0.48896342515945435, 0.5749981999397278, 0.40837469696998596, 0.5199064016342163, 0.5845078229904175, 0.312002569437027, 0.42442116141319275, 0.5586382746696472, 0.6713557243347168, 0.44560879468917847, 0.4912700951099396, 0.40148353576660156, 0.5106680989265442, 0.38755670189857483, 0.36428603529930115, 0.5584988594055176, 0.6022745966911316, 0.39560243487358093, 0.6544749736785889, 0.3973137438297272, 0.6089193224906921, 0.6126900315284729, 0.5870280861854553, 0.5852360129356384, 0.22016525268554688, 0.5812591910362244, 0.5666323304176331, 0.3874146044254303, 0.3615490198135376, 0.6577810645103455, 0.46998950839042664, 0.6976505517959595, 0.62319016456604, 0.49788233637809753, 0.40371260046958923, 0.5785238146781921, 0.5487749576568604, 0.5567272901535034, 0.567759096622467, 0.5541678071022034, 0.621392548084259, 0.579425036907196, 0.565710723400116, 0.3656691908836365, 0.5029810667037964, 0.38475415110588074, 0.5527886748313904, 0.5367794036865234, 0.5110529661178589, 0.3466368019580841, 0.6474080085754395, 0.5227094888687134, 0.5786139369010925, 0.42854586243629456, 0.5842339396476746, 0.6222573518753052, 0.4637586772441864, 0.5942075848579407, 0.5483160614967346, 0.518185555934906, 0.49026983976364136, 0.5149858593940735, 0.6213580965995789, 0.5365025401115417, 0.5688043236732483, 0.5506135821342468, 0.6170228123664856, 0.5823138356208801, 0.39535433053970337, 0.5963695645332336, 0.4579424262046814, 0.38004374504089355, 0.5296058058738708, 0.5521928668022156, 0.5892453789710999, 0.6471347212791443, 0.4508098065853119, 0.34011152386665344, 0.6748427748680115, 0.5239337086677551, 0.4793977439403534, 0.4571874141693115, 0.5378484129905701, 0.46315011382102966, 0.3370566964149475, 0.27627450227737427, 0.5678071975708008, 0.40908971428871155, 0.6746201515197754, 0.3862885534763336, 0.25413909554481506, 0.5257568955421448, 0.5941558480262756, 0.3786832094192505, 