{"rouge1": 0.14089085360892126, "rouge2": 0.013380592270887224, "rougeL": 0.09568989850335888, "rougeLsum": 0.1033935319264975}