{
    "percent_toxic_predictions": 0.2560407411420522,
    "percent_toxic_references": 0.2310109437642215
}