{"train": {"('top_comment_1', 'top_comment_2')": 0.85102513895057, "('top_comment_1', 'top_comment_3')": 0.8363806431117857, "('top_comment_1', 'top_comment_4')": 0.7996298365508604, "('top_comment_1', 'top_comment_5')": 0.795766412631359, "('top_comment_1', 'top_comment_6')": 0.7790823442347651, "('top_comment_1', 'top_comment_7')": 0.7709243827377356, "('top_comment_1', 'top_comment_8')": 0.7059119474650473, "('top_comment_1', 'top_comment_9')": 0.716774430011697, "('top_comment_1', 'top_comment_10')": 0.678951894433683, "('top_comment_2', 'top_comment_3')": 0.793027779924456, "('top_comment_2', 'top_comment_4')": 0.7724269528920692, "('top_comment_2', 'top_comment_5')": 0.7602939382024757, "('top_comment_2', 'top_comment_6')": 0.7543526432415322, "('top_comment_2', 'top_comment_7')": 0.7437123839898003, "('top_comment_2', 'top_comment_8')": 0.6961629920059501, "('top_comment_2', 'top_comment_9')": 0.6970004733829669, "('top_comment_2', 'top_comment_10')": 0.660771624191999, "('top_comment_3', 'top_comment_4')": 0.7643543900669193, "('top_comment_3', 'top_comment_5')": 0.769958665710843, "('top_comment_3', 'top_comment_6')": 0.7636722827122808, "('top_comment_3', 'top_comment_7')": 0.7440461233492475, "('top_comment_3', 'top_comment_8')": 0.7212653530443902, "('top_comment_3', 'top_comment_9')": 0.6991759972615923, "('top_comment_3', 'top_comment_10')": 0.6670414370320594, "('top_comment_4', 'top_comment_5')": 0.7200702858715519, "('top_comment_4', 'top_comment_6')": 0.7282790722341321, "('top_comment_4', 'top_comment_7')": 0.7440793673780333, "('top_comment_4', 'top_comment_8')": 0.6873293833217604, "('top_comment_4', 'top_comment_9')": 0.6864331890606897, "('top_comment_4', 'top_comment_10')": 0.6610023945173809, "('top_comment_5', 'top_comment_6')": 0.7325775511442967, "('top_comment_5', 'top_comment_7')": 0.7339844476991172, "('top_comment_5', 'top_comment_8')": 0.6948386119108956, "('top_comment_5', 'top_comment_9')": 0.7107810793194353, "('top_comment_5', 'top_comment_10')": 0.6582782738929105, "('top_comment_6', 'top_comment_7')": 0.7206408910245604, "('top_comment_6', 'top_comment_8')": 0.7067434071167308, "('top_comment_6', 'top_comment_9')": 0.6831593355417149, "('top_comment_6', 'top_comment_10')": 0.6518281614659867, "('top_comment_7', 'top_comment_8')": 0.6741153186169055, "('top_comment_7', 'top_comment_9')": 0.6991630177819921, "('top_comment_7', 'top_comment_10')": 0.6392696500263759, "('top_comment_8', 'top_comment_9')": 0.6621107200735685, "('top_comment_8', 'top_comment_10')": 0.6299129187583239, "('top_comment_9', 'top_comment_10')": 0.6283149332669475}, "test": {"('top_comment_1', 'top_comment_2')": 0.7673267326732673, "('top_comment_1', 'top_comment_3')": 0.8149185641682339, "('top_comment_1', 'top_comment_4')": 0.7855848932315969, "('top_comment_1', 'top_comment_5')": 0.7435604383044987, "('top_comment_1', 'top_comment_6')": 0.7538296820952067, "('top_comment_1', 'top_comment_7')": 0.7431321939309383, "('top_comment_1', 'top_comment_8')": 0.6861971347688085, "('top_comment_1', 'top_comment_9')": 0.7093034556485762, "('top_comment_1', 'top_comment_10')": 0.6617834914249994, "('top_comment_2', 'top_comment_3')": 0.7333158820877507, "('top_comment_2', 'top_comment_4')": 0.757353823988474, "('top_comment_2', 'top_comment_5')": 0.7216709618678725, "('top_comment_2', 'top_comment_6')": 0.7094906360264182, "('top_comment_2', 'top_comment_7')": 0.7123346662565364, "('top_comment_2', 'top_comment_8')": 0.7002586366155552, "('top_comment_2', 'top_comment_9')": 0.6832743498999846, "('top_comment_2', 'top_comment_10')": 0.6661195009848981, "('top_comment_3', 'top_comment_4')": 0.8081648418581849, "('top_comment_3', 'top_comment_5')": 0.7343380477625783, "('top_comment_3', 'top_comment_6')": 0.7587615598719062, "('top_comment_3', 'top_comment_7')": 0.7317180817873286, "('top_comment_3', 'top_comment_8')": 0.6947185232375654, "('top_comment_3', 'top_comment_9')": 0.6949701568639213, "('top_comment_3', 'top_comment_10')": 0.6553969446531429, "('top_comment_4', 'top_comment_5')": 0.7714725386299458, "('top_comment_4', 'top_comment_6')": 0.7518826178091763, "('top_comment_4', 'top_comment_7')": 0.7640771229146451, "('top_comment_4', 'top_comment_8')": 0.7220323898221579, "('top_comment_4', 'top_comment_9')": 0.7208787151559903, "('top_comment_4', 'top_comment_10')": 0.7083512566828489, "('top_comment_5', 'top_comment_6')": 0.7020669992872416, "('top_comment_5', 'top_comment_7')": 0.7037806263183515, "('top_comment_5', 'top_comment_8')": 0.7017535044968095, "('top_comment_5', 'top_comment_9')": 0.6877542019895133, "('top_comment_5', 'top_comment_10')": 0.6521254901960785, "('top_comment_6', 'top_comment_7')": 0.6944774718397997, "('top_comment_6', 'top_comment_8')": 0.6983903484911518, "('top_comment_6', 'top_comment_9')": 0.6481056345623468, "('top_comment_6', 'top_comment_10')": 0.6622829125234844, "('top_comment_7', 'top_comment_8')": 0.6676481056071439, "('top_comment_7', 'top_comment_9')": 0.6842609751421815, "('top_comment_7', 'top_comment_10')": 0.6781411094868046, "('top_comment_8', 'top_comment_9')": 0.658308873522047, "('top_comment_8', 'top_comment_10')": 0.6057112339783864, "('top_comment_9', 'top_comment_10')": 0.6678281068524972}}