{"train": 0.8440333345481773, "test": 0.8328588109455296}