{"rouge1": 0.03054845264040694, "rouge2": 0.00020498477325197424, "rougeL": 0.027400771960802164, "rougeLsum": 0.027750744206427008}